﻿{"data":[{"AllowedToDelegate":[],"PrimaryGroupSID":"S-1-5-21-1470860369-1569627196-4264678630-513","HasSIDHistory":[],"SPNTargets":[],"Aces":[{"PrincipalSID":"S-1-5-21-1470860369-1569627196-4264678630-512","PrincipalType":"Group","RightName":"Owns","IsInherited":false},{"PrincipalSID":"STREAMIO.HTB-S-1-5-32-544","PrincipalType":"Group","RightName":"WriteDacl","IsInherited":false},{"PrincipalSID":"STREAMIO.HTB-S-1-5-32-544","PrincipalType":"Group","RightName":"WriteOwner","IsInherited":false},{"PrincipalSID":"STREAMIO.HTB-S-1-5-32-544","PrincipalType":"Group","RightName":"AllExtendedRights","IsInherited":false},{"PrincipalSID":"STREAMIO.HTB-S-1-5-32-544","PrincipalType":"Group","RightName":"GenericWrite","IsInherited":false},{"PrincipalSID":"S-1-5-21-1470860369-1569627196-4264678630-512","PrincipalType":"Group","RightName":"WriteDacl","IsInherited":false},{"PrincipalSID":"S-1-5-21-1470860369-1569627196-4264678630-512","PrincipalType":"Group","RightName":"WriteOwner","IsInherited":false},{"PrincipalSID":"S-1-5-21-1470860369-1569627196-4264678630-512","PrincipalType":"Group","RightName":"AllExtendedRights","IsInherited":false},{"PrincipalSID":"S-1-5-21-1470860369-1569627196-4264678630-512","PrincipalType":"Group","RightName":"GenericWrite","IsInherited":false},{"PrincipalSID":"S-1-5-21-1470860369-1569627196-4264678630-519","PrincipalType":"Group","RightName":"WriteDacl","IsInherited":false},{"PrincipalSID":"S-1-5-21-1470860369-1569627196-4264678630-519","PrincipalType":"Group","RightName":"WriteOwner","IsInherited":false},{"PrincipalSID":"S-1-5-21-1470860369-1569627196-4264678630-519","PrincipalType":"Group","RightName":"AllExtendedRights","IsInherited":false},{"PrincipalSID":"S-1-5-21-1470860369-1569627196-4264678630-519","PrincipalType":"Group","RightName":"GenericWrite","IsInherited":false}],"ObjectIdentifier":"S-1-5-21-1470860369-1569627196-4264678630-500","IsDeleted":false,"IsACLProtected":true,"Properties":{"domain":"STREAMIO.HTB","name":"ADMINISTRATOR@STREAMIO.HTB","distinguishedname":"CN=ADMINISTRATOR,CN=USERS,DC=STREAMIO,DC=HTB","domainsid":"S-1-5-21-1470860369-1569627196-4264678630","highvalue":false,"description":"Built-in account for administering the computer/domain","whencreated":1645494260,"sensitive":true,"dontreqpreauth":false,"passwordnotreqd":false,"unconstraineddelegation":false,"pwdneverexpires":true,"enabled":true,"trustedtoauth":false,"lastlogon":1645983660,"lastlogontimestamp":1645523301,"pwdlastset":1659149902,"serviceprincipalnames":[],"hasspn":false,"displayname":null,"email":null,"title":null,"homedirectory":null,"userpassword":null,"unixpassword":null,"unicodepassword":null,"sfupassword":null,"admincount":true,"sidhistory":[]}},{"AllowedToDelegate":[],"PrimaryGroupSID":"S-1-5-21-1470860369-1569627196-4264678630-514","HasSIDHistory":[],"SPNTargets":[],"Aces":[{"PrincipalSID":"STREAMIO.HTB-S-1-5-32-544","PrincipalType":"Group","RightName":"Owns","IsInherited":false},{"PrincipalSID":"STREAMIO.HTB-S-1-5-32-548","PrincipalType":"Group","RightName":"GenericAll","IsInherited":false},{"PrincipalSID":"S-1-5-21-1470860369-1569627196-4264678630-512","PrincipalType":"Group","RightName":"GenericAll","IsInherited":false},{"PrincipalSID":"S-1-5-21-1470860369-1569627196-4264678630-526","PrincipalType":"Group","RightName":"AddKeyCredentialLink","IsInherited":true},{"PrincipalSID":"S-1-5-21-1470860369-1569627196-4264678630-527","PrincipalType":"Group","RightName":"AddKeyCredentialLink","IsInherited":true},{"PrincipalSID":"S-1-5-21-1470860369-1569627196-4264678630-519","PrincipalType":"Group","RightName":"GenericAll","IsInherited":true},{"PrincipalSID":"STREAMIO.HTB-S-1-5-32-544","PrincipalType":"Group","RightName":"WriteDacl","IsInherited":true},{"PrincipalSID":"STREAMIO.HTB-S-1-5-32-544","PrincipalType":"Group","RightName":"WriteOwner","IsInherited":true},{"PrincipalSID":"STREAMIO.HTB-S-1-5-32-544","PrincipalType":"Group","RightName":"AllExtendedRights","IsInherited":true},{"PrincipalSID":"STREAMIO.HTB-S-1-5-32-544","PrincipalType":"Group","RightName":"GenericWrite","IsInherited":true}],"ObjectIdentifier":"S-1-5-21-1470860369-1569627196-4264678630-501","IsDeleted":false,"IsACLProtected":false,"Properties":{"domain":"STREAMIO.HTB","name":"GUEST@STREAMIO.HTB","distinguishedname":"CN=GUEST,CN=USERS,DC=STREAMIO,DC=HTB","domainsid":"S-1-5-21-1470860369-1569627196-4264678630","highvalue":false,"description":"Built-in account for guest access to the computer/domain","whencreated":1645494260,"sensitive":false,"dontreqpreauth":false,"passwordnotreqd":true,"unconstraineddelegation":false,"pwdneverexpires":true,"enabled":false,"trustedtoauth":false,"lastlogon":0,"lastlogontimestamp":-1,"pwdlastset":0,"serviceprincipalnames":[],"hasspn":false,"displayname":null,"email":null,"title":null,"homedirectory":null,"userpassword":null,"unixpassword":null,"unicodepassword":null,"sfupassword":null,"admincount":false,"sidhistory":[]}},{"AllowedToDelegate":[],"PrimaryGroupSID":"S-1-5-21-1470860369-1569627196-4264678630-513","HasSIDHistory":[],"SPNTargets":[],"Aces":[{"PrincipalSID":"S-1-5-21-1470860369-1569627196-4264678630-512","PrincipalType":"Group","RightName":"Owns","IsInherited":false},{"PrincipalSID":"STREAMIO.HTB-S-1-5-32-548","PrincipalType":"Group","RightName":"GenericAll","IsInherited":false},{"PrincipalSID":"S-1-5-21-1470860369-1569627196-4264678630-512","PrincipalType":"Group","RightName":"GenericAll","IsInherited":false},{"PrincipalSID":"S-1-5-21-1470860369-1569627196-4264678630-526","PrincipalType":"Group","RightName":"AddKeyCredentialLink","IsInherited":true},{"PrincipalSID":"S-1-5-21-1470860369-1569627196-4264678630-527","PrincipalType":"Group","RightName":"AddKeyCredentialLink","IsInherited":true},{"PrincipalSID":"S-1-5-21-1470860369-1569627196-4264678630-519","PrincipalType":"Group","RightName":"GenericAll","IsInherited":true},{"PrincipalSID":"STREAMIO.HTB-S-1-5-32-544","PrincipalType":"Group","RightName":"WriteDacl","IsInherited":true},{"PrincipalSID":"STREAMIO.HTB-S-1-5-32-544","PrincipalType":"Group","RightName":"WriteOwner","IsInherited":true},{"PrincipalSID":"STREAMIO.HTB-S-1-5-32-544","PrincipalType":"Group","RightName":"AllExtendedRights","IsInherited":true},{"PrincipalSID":"STREAMIO.HTB-S-1-5-32-544","PrincipalType":"Group","RightName":"GenericWrite","IsInherited":true}],"ObjectIdentifier":"S-1-5-21-1470860369-1569627196-4264678630-1107","IsDeleted":false,"IsACLProtected":false,"Properties":{"domain":"STREAMIO.HTB","name":"YOSHIHIDE@STREAMIO.HTB","distinguishedname":"CN=YOSHIHIDE,CN=USERS,DC=STREAMIO,DC=HTB","domainsid":"S-1-5-21-1470860369-1569627196-4264678630","highvalue":false,"description":null,"whencreated":1645495044,"sensitive":false,"dontreqpreauth":false,"passwordnotreqd":false,"unconstraineddelegation":false,"pwdneverexpires":true,"enabled":true,"trustedtoauth":false,"lastlogon":1659162781,"lastlogontimestamp":1659149931,"pwdlastset":1645523844,"serviceprincipalnames":[],"hasspn":false,"displayname":null,"email":null,"title":null,"homedirectory":null,"userpassword":null,"unixpassword":null,"unicodepassword":null,"sfupassword":null,"admincount":false,"sidhistory":[]}},{"AllowedToDelegate":[],"PrimaryGroupSID":"S-1-5-21-1470860369-1569627196-4264678630-513","HasSIDHistory":[],"SPNTargets":[],"Aces":[{"PrincipalSID":"S-1-5-21-1470860369-1569627196-4264678630-512","PrincipalType":"Group","RightName":"Owns","IsInherited":false},{"PrincipalSID":"STREAMIO.HTB-S-1-5-32-548","PrincipalType":"Group","RightName":"GenericAll","IsInherited":false},{"PrincipalSID":"S-1-5-21-1470860369-1569627196-4264678630-512","PrincipalType":"Group","RightName":"GenericAll","IsInherited":false},{"PrincipalSID":"S-1-5-21-1470860369-1569627196-4264678630-526","PrincipalType":"Group","RightName":"AddKeyCredentialLink","IsInherited":true},{"PrincipalSID":"S-1-5-21-1470860369-1569627196-4264678630-527","PrincipalType":"Group","RightName":"AddKeyCredentialLink","IsInherited":true},{"PrincipalSID":"S-1-5-21-1470860369-1569627196-4264678630-519","PrincipalType":"Group","RightName":"GenericAll","IsInherited":true},{"PrincipalSID":"STREAMIO.HTB-S-1-5-32-544","PrincipalType":"Group","RightName":"WriteDacl","IsInherited":true},{"PrincipalSID":"STREAMIO.HTB-S-1-5-32-544","PrincipalType":"Group","RightName":"WriteOwner","IsInherited":true},{"PrincipalSID":"STREAMIO.HTB-S-1-5-32-544","PrincipalType":"Group","RightName":"AllExtendedRights","IsInherited":true},{"PrincipalSID":"STREAMIO.HTB-S-1-5-32-544","PrincipalType":"Group","RightName":"GenericWrite","IsInherited":true}],"ObjectIdentifier":"S-1-5-21-1470860369-1569627196-4264678630-1106","IsDeleted":false,"IsACLProtected":false,"Properties":{"domain":"STREAMIO.HTB","name":"NIKK37@STREAMIO.HTB","distinguishedname":"CN=NIKK37,CN=USERS,DC=STREAMIO,DC=HTB","domainsid":"S-1-5-21-1470860369-1569627196-4264678630","highvalue":false,"description":null,"whencreated":1645495036,"sensitive":false,"dontreqpreauth":false,"passwordnotreqd":false,"unconstraineddelegation":false,"pwdneverexpires":true,"enabled":true,"trustedtoauth":false,"lastlogon":1645526391,"lastlogontimestamp":1659155002,"pwdlastset":1645523836,"serviceprincipalnames":[],"hasspn":false,"displayname":null,"email":null,"title":null,"homedirectory":null,"userpassword":null,"unixpassword":null,"unicodepassword":null,"sfupassword":null,"admincount":false,"sidhistory":[]}},{"AllowedToDelegate":[],"PrimaryGroupSID":"S-1-5-21-1470860369-1569627196-4264678630-513","HasSIDHistory":[],"SPNTargets":[],"Aces":[{"PrincipalSID":"S-1-5-21-1470860369-1569627196-4264678630-512","PrincipalType":"Group","RightName":"Owns","IsInherited":false},{"PrincipalSID":"STREAMIO.HTB-S-1-5-32-544","PrincipalType":"Group","RightName":"WriteDacl","IsInherited":false},{"PrincipalSID":"STREAMIO.HTB-S-1-5-32-544","PrincipalType":"Group","RightName":"WriteOwner","IsInherited":false},{"PrincipalSID":"STREAMIO.HTB-S-1-5-32-544","PrincipalType":"Group","RightName":"AllExtendedRights","IsInherited":false},{"PrincipalSID":"STREAMIO.HTB-S-1-5-32-544","PrincipalType":"Group","RightName":"GenericWrite","IsInherited":false},{"PrincipalSID":"S-1-5-21-1470860369-1569627196-4264678630-512","PrincipalType":"Group","RightName":"WriteDacl","IsInherited":false},{"PrincipalSID":"S-1-5-21-1470860369-1569627196-4264678630-512","PrincipalType":"Group","RightName":"WriteOwner","IsInherited":false},{"PrincipalSID":"S-1-5-21-1470860369-1569627196-4264678630-512","PrincipalType":"Group","RightName":"AllExtendedRights","IsInherited":false},{"PrincipalSID":"S-1-5-21-1470860369-1569627196-4264678630-512","PrincipalType":"Group","RightName":"GenericWrite","IsInherited":false},{"PrincipalSID":"S-1-5-21-1470860369-1569627196-4264678630-519","PrincipalType":"Group","RightName":"WriteDacl","IsInherited":false},{"PrincipalSID":"S-1-5-21-1470860369-1569627196-4264678630-519","PrincipalType":"Group","RightName":"WriteOwner","IsInherited":false},{"PrincipalSID":"S-1-5-21-1470860369-1569627196-4264678630-519","PrincipalType":"Group","RightName":"AllExtendedRights","IsInherited":false},{"PrincipalSID":"S-1-5-21-1470860369-1569627196-4264678630-519","PrincipalType":"Group","RightName":"GenericWrite","IsInherited":false}],"ObjectIdentifier":"S-1-5-21-1470860369-1569627196-4264678630-1105","IsDeleted":false,"IsACLProtected":true,"Properties":{"domain":"STREAMIO.HTB","name":"MARTIN@STREAMIO.HTB","distinguishedname":"CN=MARTIN SMITH,CN=USERS,DC=STREAMIO,DC=HTB","domainsid":"S-1-5-21-1470860369-1569627196-4264678630","highvalue":false,"description":null,"whencreated":1645495020,"sensitive":true,"dontreqpreauth":false,"passwordnotreqd":false,"unconstraineddelegation":false,"pwdneverexpires":true,"enabled":true,"trustedtoauth":false,"lastlogon":1659149919,"lastlogontimestamp":1659149903,"pwdlastset":1653607002,"serviceprincipalnames":[],"hasspn":false,"displayname":null,"email":null,"title":null,"homedirectory":null,"userpassword":null,"unixpassword":null,"unicodepassword":null,"sfupassword":null,"admincount":true,"sidhistory":[]}},{"AllowedToDelegate":[],"PrimaryGroupSID":"S-1-5-21-1470860369-1569627196-4264678630-513","HasSIDHistory":[],"SPNTargets":[],"Aces":[{"PrincipalSID":"S-1-5-21-1470860369-1569627196-4264678630-512","PrincipalType":"Group","RightName":"Owns","IsInherited":false},{"PrincipalSID":"STREAMIO.HTB-S-1-5-32-548","PrincipalType":"Group","RightName":"GenericAll","IsInherited":false},{"PrincipalSID":"S-1-5-21-1470860369-1569627196-4264678630-512","PrincipalType":"Group","RightName":"GenericAll","IsInherited":false},{"PrincipalSID":"S-1-5-21-1470860369-1569627196-4264678630-526","PrincipalType":"Group","RightName":"AddKeyCredentialLink","IsInherited":true},{"PrincipalSID":"S-1-5-21-1470860369-1569627196-4264678630-527","PrincipalType":"Group","RightName":"AddKeyCredentialLink","IsInherited":true},{"PrincipalSID":"S-1-5-21-1470860369-1569627196-4264678630-519","PrincipalType":"Group","RightName":"GenericAll","IsInherited":true},{"PrincipalSID":"STREAMIO.HTB-S-1-5-32-544","PrincipalType":"Group","RightName":"WriteDacl","IsInherited":true},{"PrincipalSID":"STREAMIO.HTB-S-1-5-32-544","PrincipalType":"Group","RightName":"WriteOwner","IsInherited":true},{"PrincipalSID":"STREAMIO.HTB-S-1-5-32-544","PrincipalType":"Group","RightName":"AllExtendedRights","IsInherited":true},{"PrincipalSID":"STREAMIO.HTB-S-1-5-32-544","PrincipalType":"Group","RightName":"GenericWrite","IsInherited":true}],"ObjectIdentifier":"S-1-5-21-1470860369-1569627196-4264678630-1104","IsDeleted":false,"IsACLProtected":false,"Properties":{"domain":"STREAMIO.HTB","name":"JDGODD@STREAMIO.HTB","distinguishedname":"CN=JDGODD,CN=USERS,DC=STREAMIO,DC=HTB","domainsid":"S-1-5-21-1470860369-1569627196-4264678630","highvalue":false,"description":null,"whencreated":1645495001,"sensitive":false,"dontreqpreauth":false,"passwordnotreqd":false,"unconstraineddelegation":false,"pwdneverexpires":true,"enabled":true,"trustedtoauth":false,"lastlogon":1659158540,"lastlogontimestamp":1659157900,"pwdlastset":1645523802,"serviceprincipalnames":[],"hasspn":false,"displayname":null,"email":null,"title":null,"homedirectory":null,"userpassword":null,"unixpassword":null,"unicodepassword":null,"sfupassword":null,"admincount":false,"sidhistory":[]}},{"AllowedToDelegate":[],"PrimaryGroupSID":"S-1-5-21-1470860369-1569627196-4264678630-513","HasSIDHistory":[],"SPNTargets":[],"Aces":[{"PrincipalSID":"S-1-5-21-1470860369-1569627196-4264678630-512","PrincipalType":"Group","RightName":"Owns","IsInherited":false},{"PrincipalSID":"STREAMIO.HTB-S-1-5-32-544","PrincipalType":"Group","RightName":"WriteDacl","IsInherited":false},{"PrincipalSID":"STREAMIO.HTB-S-1-5-32-544","PrincipalType":"Group","RightName":"WriteOwner","IsInherited":false},{"PrincipalSID":"STREAMIO.HTB-S-1-5-32-544","PrincipalType":"Group","RightName":"AllExtendedRights","IsInherited":false},{"PrincipalSID":"STREAMIO.HTB-S-1-5-32-544","PrincipalType":"Group","RightName":"GenericWrite","IsInherited":false},{"PrincipalSID":"S-1-5-21-1470860369-1569627196-4264678630-512","PrincipalType":"Group","RightName":"WriteDacl","IsInherited":false},{"PrincipalSID":"S-1-5-21-1470860369-1569627196-4264678630-512","PrincipalType":"Group","RightName":"WriteOwner","IsInherited":false},{"PrincipalSID":"S-1-5-21-1470860369-1569627196-4264678630-512","PrincipalType":"Group","RightName":"AllExtendedRights","IsInherited":false},{"PrincipalSID":"S-1-5-21-1470860369-1569627196-4264678630-512","PrincipalType":"Group","RightName":"GenericWrite","IsInherited":false},{"PrincipalSID":"S-1-5-21-1470860369-1569627196-4264678630-519","PrincipalType":"Group","RightName":"WriteDacl","IsInherited":false},{"PrincipalSID":"S-1-5-21-1470860369-1569627196-4264678630-519","PrincipalType":"Group","RightName":"WriteOwner","IsInherited":false},{"PrincipalSID":"S-1-5-21-1470860369-1569627196-4264678630-519","PrincipalType":"Group","RightName":"AllExtendedRights","IsInherited":false},{"PrincipalSID":"S-1-5-21-1470860369-1569627196-4264678630-519","PrincipalType":"Group","RightName":"GenericWrite","IsInherited":false}],"ObjectIdentifier":"S-1-5-21-1470860369-1569627196-4264678630-502","IsDeleted":false,"IsACLProtected":true,"Properties":{"domain":"STREAMIO.HTB","name":"KRBTGT@STREAMIO.HTB","distinguishedname":"CN=KRBTGT,CN=USERS,DC=STREAMIO,DC=HTB","domainsid":"S-1-5-21-1470860369-1569627196-4264678630","highvalue":false,"description":"Key Distribution Center Service Account","whencreated":1645494313,"sensitive":false,"dontreqpreauth":false,"passwordnotreqd":false,"unconstraineddelegation":false,"pwdneverexpires":false,"enabled":false,"trustedtoauth":false,"lastlogon":0,"lastlogontimestamp":-1,"pwdlastset":1645523113,"serviceprincipalnames":["kadmin/changepw"],"hasspn":true,"displayname":null,"email":null,"title":null,"homedirectory":null,"userpassword":null,"unixpassword":null,"unicodepassword":null,"sfupassword":null,"admincount":true,"sidhistory":[]}}],"meta":{"methods":29675,"type":"users","count":7,"version":4}}