﻿{"data":[{"Members":[],"Aces":[{"PrincipalSID":"S-1-5-21-1470860369-1569627196-4264678630-512","PrincipalType":"Group","RightName":"Owns","IsInherited":false},{"PrincipalSID":"STREAMIO.HTB-S-1-5-32-544","PrincipalType":"Group","RightName":"WriteDacl","IsInherited":false},{"PrincipalSID":"STREAMIO.HTB-S-1-5-32-544","PrincipalType":"Group","RightName":"WriteOwner","IsInherited":false},{"PrincipalSID":"STREAMIO.HTB-S-1-5-32-544","PrincipalType":"Group","RightName":"GenericWrite","IsInherited":false},{"PrincipalSID":"S-1-5-21-1470860369-1569627196-4264678630-512","PrincipalType":"Group","RightName":"WriteDacl","IsInherited":false},{"PrincipalSID":"S-1-5-21-1470860369-1569627196-4264678630-512","PrincipalType":"Group","RightName":"WriteOwner","IsInherited":false},{"PrincipalSID":"S-1-5-21-1470860369-1569627196-4264678630-512","PrincipalType":"Group","RightName":"GenericWrite","IsInherited":false},{"PrincipalSID":"S-1-5-21-1470860369-1569627196-4264678630-519","PrincipalType":"Group","RightName":"WriteDacl","IsInherited":false},{"PrincipalSID":"S-1-5-21-1470860369-1569627196-4264678630-519","PrincipalType":"Group","RightName":"WriteOwner","IsInherited":false},{"PrincipalSID":"S-1-5-21-1470860369-1569627196-4264678630-519","PrincipalType":"Group","RightName":"GenericWrite","IsInherited":false}],"ObjectIdentifier":"STREAMIO.HTB-S-1-5-32-548","IsDeleted":false,"IsACLProtected":true,"Properties":{"domain":"STREAMIO.HTB","name":"ACCOUNT OPERATORS@STREAMIO.HTB","distinguishedname":"CN=ACCOUNT OPERATORS,CN=BUILTIN,DC=STREAMIO,DC=HTB","domainsid":"S-1-5-21-1470860369-1569627196-4264678630","highvalue":true,"description":"Members can administer domain user and group accounts","whencreated":1645494313,"admincount":true}},{"Members":[],"Aces":[{"PrincipalSID":"S-1-5-21-1470860369-1569627196-4264678630-512","PrincipalType":"Group","RightName":"Owns","IsInherited":false},{"PrincipalSID":"STREAMIO.HTB-S-1-5-32-544","PrincipalType":"Group","RightName":"WriteDacl","IsInherited":false},{"PrincipalSID":"STREAMIO.HTB-S-1-5-32-544","PrincipalType":"Group","RightName":"WriteOwner","IsInherited":false},{"PrincipalSID":"STREAMIO.HTB-S-1-5-32-544","PrincipalType":"Group","RightName":"GenericWrite","IsInherited":false},{"PrincipalSID":"S-1-5-21-1470860369-1569627196-4264678630-512","PrincipalType":"Group","RightName":"WriteDacl","IsInherited":false},{"PrincipalSID":"S-1-5-21-1470860369-1569627196-4264678630-512","PrincipalType":"Group","RightName":"WriteOwner","IsInherited":false},{"PrincipalSID":"S-1-5-21-1470860369-1569627196-4264678630-512","PrincipalType":"Group","RightName":"GenericWrite","IsInherited":false},{"PrincipalSID":"S-1-5-21-1470860369-1569627196-4264678630-519","PrincipalType":"Group","RightName":"WriteDacl","IsInherited":false},{"PrincipalSID":"S-1-5-21-1470860369-1569627196-4264678630-519","PrincipalType":"Group","RightName":"WriteOwner","IsInherited":false},{"PrincipalSID":"S-1-5-21-1470860369-1569627196-4264678630-519","PrincipalType":"Group","RightName":"GenericWrite","IsInherited":false}],"ObjectIdentifier":"STREAMIO.HTB-S-1-5-32-552","IsDeleted":false,"IsACLProtected":true,"Properties":{"domain":"STREAMIO.HTB","name":"REPLICATORS@STREAMIO.HTB","distinguishedname":"CN=REPLICATOR,CN=BUILTIN,DC=STREAMIO,DC=HTB","domainsid":"S-1-5-21-1470860369-1569627196-4264678630","highvalue":false,"description":"Supports file replication in a domain","whencreated":1645494260,"admincount":true}},{"Members":[],"Aces":[{"PrincipalSID":"S-1-5-21-1470860369-1569627196-4264678630-512","PrincipalType":"Group","RightName":"Owns","IsInherited":false},{"PrincipalSID":"STREAMIO.HTB-S-1-5-32-544","PrincipalType":"Group","RightName":"WriteDacl","IsInherited":false},{"PrincipalSID":"STREAMIO.HTB-S-1-5-32-544","PrincipalType":"Group","RightName":"WriteOwner","IsInherited":false},{"PrincipalSID":"STREAMIO.HTB-S-1-5-32-544","PrincipalType":"Group","RightName":"GenericWrite","IsInherited":false},{"PrincipalSID":"S-1-5-21-1470860369-1569627196-4264678630-512","PrincipalType":"Group","RightName":"WriteDacl","IsInherited":false},{"PrincipalSID":"S-1-5-21-1470860369-1569627196-4264678630-512","PrincipalType":"Group","RightName":"WriteOwner","IsInherited":false},{"PrincipalSID":"S-1-5-21-1470860369-1569627196-4264678630-512","PrincipalType":"Group","RightName":"GenericWrite","IsInherited":false},{"PrincipalSID":"S-1-5-21-1470860369-1569627196-4264678630-519","PrincipalType":"Group","RightName":"WriteDacl","IsInherited":false},{"PrincipalSID":"S-1-5-21-1470860369-1569627196-4264678630-519","PrincipalType":"Group","RightName":"WriteOwner","IsInherited":false},{"PrincipalSID":"S-1-5-21-1470860369-1569627196-4264678630-519","PrincipalType":"Group","RightName":"GenericWrite","IsInherited":false}],"ObjectIdentifier":"STREAMIO.HTB-S-1-5-32-550","IsDeleted":false,"IsACLProtected":true,"Properties":{"domain":"STREAMIO.HTB","name":"PRINT OPERATORS@STREAMIO.HTB","distinguishedname":"CN=PRINT OPERATORS,CN=BUILTIN,DC=STREAMIO,DC=HTB","domainsid":"S-1-5-21-1470860369-1569627196-4264678630","highvalue":true,"description":"Members can administer printers installed on domain controllers","whencreated":1645494260,"admincount":true}},{"Members":[{"ObjectIdentifier":"S-1-5-21-1470860369-1569627196-4264678630-500","ObjectType":"User"}],"Aces":[{"PrincipalSID":"S-1-5-21-1470860369-1569627196-4264678630-512","PrincipalType":"Group","RightName":"Owns","IsInherited":false},{"PrincipalSID":"STREAMIO.HTB-S-1-5-32-544","PrincipalType":"Group","RightName":"WriteDacl","IsInherited":false},{"PrincipalSID":"STREAMIO.HTB-S-1-5-32-544","PrincipalType":"Group","RightName":"WriteOwner","IsInherited":false},{"PrincipalSID":"STREAMIO.HTB-S-1-5-32-544","PrincipalType":"Group","RightName":"GenericWrite","IsInherited":false},{"PrincipalSID":"S-1-5-21-1470860369-1569627196-4264678630-512","PrincipalType":"Group","RightName":"WriteDacl","IsInherited":false},{"PrincipalSID":"S-1-5-21-1470860369-1569627196-4264678630-512","PrincipalType":"Group","RightName":"WriteOwner","IsInherited":false},{"PrincipalSID":"S-1-5-21-1470860369-1569627196-4264678630-512","PrincipalType":"Group","RightName":"GenericWrite","IsInherited":false},{"PrincipalSID":"S-1-5-21-1470860369-1569627196-4264678630-519","PrincipalType":"Group","RightName":"WriteDacl","IsInherited":false},{"PrincipalSID":"S-1-5-21-1470860369-1569627196-4264678630-519","PrincipalType":"Group","RightName":"WriteOwner","IsInherited":false},{"PrincipalSID":"S-1-5-21-1470860369-1569627196-4264678630-519","PrincipalType":"Group","RightName":"GenericWrite","IsInherited":false}],"ObjectIdentifier":"S-1-5-21-1470860369-1569627196-4264678630-519","IsDeleted":false,"IsACLProtected":true,"Properties":{"domain":"STREAMIO.HTB","name":"ENTERPRISE ADMINS@STREAMIO.HTB","distinguishedname":"CN=ENTERPRISE ADMINS,CN=USERS,DC=STREAMIO,DC=HTB","domainsid":"S-1-5-21-1470860369-1569627196-4264678630","highvalue":true,"description":"Designated administrators of the enterprise","whencreated":1645494313,"admincount":true}},{"Members":[{"ObjectIdentifier":"S-1-5-21-1470860369-1569627196-4264678630-500","ObjectType":"User"}],"Aces":[{"PrincipalSID":"S-1-5-21-1470860369-1569627196-4264678630-512","PrincipalType":"Group","RightName":"Owns","IsInherited":false},{"PrincipalSID":"STREAMIO.HTB-S-1-5-32-544","PrincipalType":"Group","RightName":"WriteDacl","IsInherited":false},{"PrincipalSID":"STREAMIO.HTB-S-1-5-32-544","PrincipalType":"Group","RightName":"WriteOwner","IsInherited":false},{"PrincipalSID":"STREAMIO.HTB-S-1-5-32-544","PrincipalType":"Group","RightName":"GenericWrite","IsInherited":false},{"PrincipalSID":"S-1-5-21-1470860369-1569627196-4264678630-512","PrincipalType":"Group","RightName":"WriteDacl","IsInherited":false},{"PrincipalSID":"S-1-5-21-1470860369-1569627196-4264678630-512","PrincipalType":"Group","RightName":"WriteOwner","IsInherited":false},{"PrincipalSID":"S-1-5-21-1470860369-1569627196-4264678630-512","PrincipalType":"Group","RightName":"GenericWrite","IsInherited":false},{"PrincipalSID":"S-1-5-21-1470860369-1569627196-4264678630-519","PrincipalType":"Group","RightName":"WriteDacl","IsInherited":false},{"PrincipalSID":"S-1-5-21-1470860369-1569627196-4264678630-519","PrincipalType":"Group","RightName":"WriteOwner","IsInherited":false},{"PrincipalSID":"S-1-5-21-1470860369-1569627196-4264678630-519","PrincipalType":"Group","RightName":"GenericWrite","IsInherited":false}],"ObjectIdentifier":"S-1-5-21-1470860369-1569627196-4264678630-512","IsDeleted":false,"IsACLProtected":true,"Properties":{"domain":"STREAMIO.HTB","name":"DOMAIN ADMINS@STREAMIO.HTB","distinguishedname":"CN=DOMAIN ADMINS,CN=USERS,DC=STREAMIO,DC=HTB","domainsid":"S-1-5-21-1470860369-1569627196-4264678630","highvalue":true,"description":"Designated administrators of the domain","whencreated":1645494313,"admincount":true}},{"Members":[],"Aces":[{"PrincipalSID":"S-1-5-21-1470860369-1569627196-4264678630-512","PrincipalType":"Group","RightName":"Owns","IsInherited":false},{"PrincipalSID":"STREAMIO.HTB-S-1-5-32-544","PrincipalType":"Group","RightName":"WriteDacl","IsInherited":false},{"PrincipalSID":"STREAMIO.HTB-S-1-5-32-544","PrincipalType":"Group","RightName":"WriteOwner","IsInherited":false},{"PrincipalSID":"STREAMIO.HTB-S-1-5-32-544","PrincipalType":"Group","RightName":"GenericWrite","IsInherited":false},{"PrincipalSID":"S-1-5-21-1470860369-1569627196-4264678630-512","PrincipalType":"Group","RightName":"WriteDacl","IsInherited":false},{"PrincipalSID":"S-1-5-21-1470860369-1569627196-4264678630-512","PrincipalType":"Group","RightName":"WriteOwner","IsInherited":false},{"PrincipalSID":"S-1-5-21-1470860369-1569627196-4264678630-512","PrincipalType":"Group","RightName":"GenericWrite","IsInherited":false},{"PrincipalSID":"S-1-5-21-1470860369-1569627196-4264678630-519","PrincipalType":"Group","RightName":"WriteDacl","IsInherited":false},{"PrincipalSID":"S-1-5-21-1470860369-1569627196-4264678630-519","PrincipalType":"Group","RightName":"WriteOwner","IsInherited":false},{"PrincipalSID":"S-1-5-21-1470860369-1569627196-4264678630-519","PrincipalType":"Group","RightName":"GenericWrite","IsInherited":false}],"ObjectIdentifier":"STREAMIO.HTB-S-1-5-32-549","IsDeleted":false,"IsACLProtected":true,"Properties":{"domain":"STREAMIO.HTB","name":"SERVER OPERATORS@STREAMIO.HTB","distinguishedname":"CN=SERVER OPERATORS,CN=BUILTIN,DC=STREAMIO,DC=HTB","domainsid":"S-1-5-21-1470860369-1569627196-4264678630","highvalue":true,"description":"Members can administer domain servers","whencreated":1645494313,"admincount":true}},{"Members":[{"ObjectIdentifier":"S-1-5-21-1470860369-1569627196-4264678630-500","ObjectType":"User"}],"Aces":[{"PrincipalSID":"S-1-5-21-1470860369-1569627196-4264678630-512","PrincipalType":"Group","RightName":"Owns","IsInherited":false},{"PrincipalSID":"STREAMIO.HTB-S-1-5-32-548","PrincipalType":"Group","RightName":"GenericAll","IsInherited":false},{"PrincipalSID":"S-1-5-21-1470860369-1569627196-4264678630-512","PrincipalType":"Group","RightName":"GenericAll","IsInherited":false},{"PrincipalSID":"S-1-5-21-1470860369-1569627196-4264678630-519","PrincipalType":"Group","RightName":"GenericAll","IsInherited":true},{"PrincipalSID":"STREAMIO.HTB-S-1-5-32-544","PrincipalType":"Group","RightName":"WriteDacl","IsInherited":true},{"PrincipalSID":"STREAMIO.HTB-S-1-5-32-544","PrincipalType":"Group","RightName":"WriteOwner","IsInherited":true},{"PrincipalSID":"STREAMIO.HTB-S-1-5-32-544","PrincipalType":"Group","RightName":"GenericWrite","IsInherited":true}],"ObjectIdentifier":"S-1-5-21-1470860369-1569627196-4264678630-520","IsDeleted":false,"IsACLProtected":false,"Properties":{"domain":"STREAMIO.HTB","name":"GROUP POLICY CREATOR OWNERS@STREAMIO.HTB","distinguishedname":"CN=GROUP POLICY CREATOR OWNERS,CN=USERS,DC=STREAMIO,DC=HTB","domainsid":"S-1-5-21-1470860369-1569627196-4264678630","highvalue":false,"description":"Members in this group can modify group policy for the domain","whencreated":1645494313,"admincount":false}},{"Members":[],"Aces":[{"PrincipalSID":"S-1-5-21-1470860369-1569627196-4264678630-512","PrincipalType":"Group","RightName":"Owns","IsInherited":false},{"PrincipalSID":"STREAMIO.HTB-S-1-5-32-544","PrincipalType":"Group","RightName":"WriteDacl","IsInherited":false},{"PrincipalSID":"STREAMIO.HTB-S-1-5-32-544","PrincipalType":"Group","RightName":"WriteOwner","IsInherited":false},{"PrincipalSID":"STREAMIO.HTB-S-1-5-32-544","PrincipalType":"Group","RightName":"GenericWrite","IsInherited":false},{"PrincipalSID":"S-1-5-21-1470860369-1569627196-4264678630-512","PrincipalType":"Group","RightName":"WriteDacl","IsInherited":false},{"PrincipalSID":"S-1-5-21-1470860369-1569627196-4264678630-512","PrincipalType":"Group","RightName":"WriteOwner","IsInherited":false},{"PrincipalSID":"S-1-5-21-1470860369-1569627196-4264678630-512","PrincipalType":"Group","RightName":"GenericWrite","IsInherited":false},{"PrincipalSID":"S-1-5-21-1470860369-1569627196-4264678630-519","PrincipalType":"Group","RightName":"WriteDacl","IsInherited":false},{"PrincipalSID":"S-1-5-21-1470860369-1569627196-4264678630-519","PrincipalType":"Group","RightName":"WriteOwner","IsInherited":false},{"PrincipalSID":"S-1-5-21-1470860369-1569627196-4264678630-519","PrincipalType":"Group","RightName":"GenericWrite","IsInherited":false}],"ObjectIdentifier":"S-1-5-21-1470860369-1569627196-4264678630-521","IsDeleted":false,"IsACLProtected":true,"Properties":{"domain":"STREAMIO.HTB","name":"READ-ONLY DOMAIN CONTROLLERS@STREAMIO.HTB","distinguishedname":"CN=READ-ONLY DOMAIN CONTROLLERS,CN=USERS,DC=STREAMIO,DC=HTB","domainsid":"S-1-5-21-1470860369-1569627196-4264678630","highvalue":false,"description":"Members of this group are Read-Only Domain Controllers in the domain","whencreated":1645494313,"admincount":true}},{"Members":[{"ObjectIdentifier":"S-1-5-21-1470860369-1569627196-4264678630-521","ObjectType":"Group"},{"ObjectIdentifier":"S-1-5-21-1470860369-1569627196-4264678630-520","ObjectType":"Group"},{"ObjectIdentifier":"S-1-5-21-1470860369-1569627196-4264678630-512","ObjectType":"Group"},{"ObjectIdentifier":"S-1-5-21-1470860369-1569627196-4264678630-517","ObjectType":"Group"},{"ObjectIdentifier":"S-1-5-21-1470860369-1569627196-4264678630-519","ObjectType":"Group"},{"ObjectIdentifier":"S-1-5-21-1470860369-1569627196-4264678630-518","ObjectType":"Group"},{"ObjectIdentifier":"S-1-5-21-1470860369-1569627196-4264678630-516","ObjectType":"Group"},{"ObjectIdentifier":"S-1-5-21-1470860369-1569627196-4264678630-502","ObjectType":"User"}],"Aces":[{"PrincipalSID":"S-1-5-21-1470860369-1569627196-4264678630-512","PrincipalType":"Group","RightName":"Owns","IsInherited":false},{"PrincipalSID":"STREAMIO.HTB-S-1-5-32-548","PrincipalType":"Group","RightName":"GenericAll","IsInherited":false},{"PrincipalSID":"S-1-5-21-1470860369-1569627196-4264678630-512","PrincipalType":"Group","RightName":"GenericAll","IsInherited":false},{"PrincipalSID":"S-1-5-21-1470860369-1569627196-4264678630-519","PrincipalType":"Group","RightName":"GenericAll","IsInherited":true},{"PrincipalSID":"STREAMIO.HTB-S-1-5-32-544","PrincipalType":"Group","RightName":"WriteDacl","IsInherited":true},{"PrincipalSID":"STREAMIO.HTB-S-1-5-32-544","PrincipalType":"Group","RightName":"WriteOwner","IsInherited":true},{"PrincipalSID":"STREAMIO.HTB-S-1-5-32-544","PrincipalType":"Group","RightName":"GenericWrite","IsInherited":true}],"ObjectIdentifier":"S-1-5-21-1470860369-1569627196-4264678630-572","IsDeleted":false,"IsACLProtected":false,"Properties":{"domain":"STREAMIO.HTB","name":"DENIED RODC PASSWORD REPLICATION GROUP@STREAMIO.HTB","distinguishedname":"CN=DENIED RODC PASSWORD REPLICATION GROUP,CN=USERS,DC=STREAMIO,DC=HTB","domainsid":"S-1-5-21-1470860369-1569627196-4264678630","highvalue":false,"description":"Members in this group cannot have their passwords replicated to any read-only domain controllers in the domain","whencreated":1645494313,"admincount":false}},{"Members":[],"Aces":[{"PrincipalSID":"STREAMIO.HTB-S-1-5-32-544","PrincipalType":"Group","RightName":"Owns","IsInherited":false},{"PrincipalSID":"STREAMIO.HTB-S-1-5-32-548","PrincipalType":"Group","RightName":"GenericAll","IsInherited":false},{"PrincipalSID":"S-1-5-21-1470860369-1569627196-4264678630-512","PrincipalType":"Group","RightName":"GenericAll","IsInherited":false},{"PrincipalSID":"S-1-5-21-1470860369-1569627196-4264678630-519","PrincipalType":"Group","RightName":"GenericAll","IsInherited":true},{"PrincipalSID":"STREAMIO.HTB-S-1-5-32-544","PrincipalType":"Group","RightName":"WriteDacl","IsInherited":true},{"PrincipalSID":"STREAMIO.HTB-S-1-5-32-544","PrincipalType":"Group","RightName":"WriteOwner","IsInherited":true},{"PrincipalSID":"STREAMIO.HTB-S-1-5-32-544","PrincipalType":"Group","RightName":"GenericWrite","IsInherited":true}],"ObjectIdentifier":"STREAMIO.HTB-S-1-5-32-558","IsDeleted":false,"IsACLProtected":false,"Properties":{"domain":"STREAMIO.HTB","name":"PERFORMANCE MONITOR USERS@STREAMIO.HTB","distinguishedname":"CN=PERFORMANCE MONITOR USERS,CN=BUILTIN,DC=STREAMIO,DC=HTB","domainsid":"S-1-5-21-1470860369-1569627196-4264678630","highvalue":false,"description":"Members of this group can access performance counter data locally and remotely","whencreated":1645494260,"admincount":false}},{"Members":[],"Aces":[{"PrincipalSID":"S-1-5-21-1470860369-1569627196-4264678630-512","PrincipalType":"Group","RightName":"Owns","IsInherited":false},{"PrincipalSID":"STREAMIO.HTB-S-1-5-32-544","PrincipalType":"Group","RightName":"WriteDacl","IsInherited":false},{"PrincipalSID":"STREAMIO.HTB-S-1-5-32-544","PrincipalType":"Group","RightName":"WriteOwner","IsInherited":false},{"PrincipalSID":"STREAMIO.HTB-S-1-5-32-544","PrincipalType":"Group","RightName":"GenericWrite","IsInherited":false},{"PrincipalSID":"S-1-5-21-1470860369-1569627196-4264678630-512","PrincipalType":"Group","RightName":"WriteDacl","IsInherited":false},{"PrincipalSID":"S-1-5-21-1470860369-1569627196-4264678630-512","PrincipalType":"Group","RightName":"WriteOwner","IsInherited":false},{"PrincipalSID":"S-1-5-21-1470860369-1569627196-4264678630-512","PrincipalType":"Group","RightName":"GenericWrite","IsInherited":false},{"PrincipalSID":"S-1-5-21-1470860369-1569627196-4264678630-519","PrincipalType":"Group","RightName":"WriteDacl","IsInherited":false},{"PrincipalSID":"S-1-5-21-1470860369-1569627196-4264678630-519","PrincipalType":"Group","RightName":"WriteOwner","IsInherited":false},{"PrincipalSID":"S-1-5-21-1470860369-1569627196-4264678630-519","PrincipalType":"Group","RightName":"GenericWrite","IsInherited":false}],"ObjectIdentifier":"S-1-5-21-1470860369-1569627196-4264678630-527","IsDeleted":false,"IsACLProtected":true,"Properties":{"domain":"STREAMIO.HTB","name":"ENTERPRISE KEY ADMINS@STREAMIO.HTB","distinguishedname":"CN=ENTERPRISE KEY ADMINS,CN=USERS,DC=STREAMIO,DC=HTB","domainsid":"S-1-5-21-1470860369-1569627196-4264678630","highvalue":false,"description":"Members of this group can perform administrative actions on key objects within the forest.","whencreated":1645494313,"admincount":true}},{"Members":[],"Aces":[{"PrincipalSID":"S-1-5-21-1470860369-1569627196-4264678630-512","PrincipalType":"Group","RightName":"Owns","IsInherited":false},{"PrincipalSID":"STREAMIO.HTB-S-1-5-32-544","PrincipalType":"Group","RightName":"WriteDacl","IsInherited":false},{"PrincipalSID":"STREAMIO.HTB-S-1-5-32-544","PrincipalType":"Group","RightName":"WriteOwner","IsInherited":false},{"PrincipalSID":"STREAMIO.HTB-S-1-5-32-544","PrincipalType":"Group","RightName":"GenericWrite","IsInherited":false},{"PrincipalSID":"S-1-5-21-1470860369-1569627196-4264678630-512","PrincipalType":"Group","RightName":"WriteDacl","IsInherited":false},{"PrincipalSID":"S-1-5-21-1470860369-1569627196-4264678630-512","PrincipalType":"Group","RightName":"WriteOwner","IsInherited":false},{"PrincipalSID":"S-1-5-21-1470860369-1569627196-4264678630-512","PrincipalType":"Group","RightName":"GenericWrite","IsInherited":false},{"PrincipalSID":"S-1-5-21-1470860369-1569627196-4264678630-519","PrincipalType":"Group","RightName":"WriteDacl","IsInherited":false},{"PrincipalSID":"S-1-5-21-1470860369-1569627196-4264678630-519","PrincipalType":"Group","RightName":"WriteOwner","IsInherited":false},{"PrincipalSID":"S-1-5-21-1470860369-1569627196-4264678630-519","PrincipalType":"Group","RightName":"GenericWrite","IsInherited":false}],"ObjectIdentifier":"STREAMIO.HTB-S-1-5-32-551","IsDeleted":false,"IsACLProtected":true,"Properties":{"domain":"STREAMIO.HTB","name":"BACKUP OPERATORS@STREAMIO.HTB","distinguishedname":"CN=BACKUP OPERATORS,CN=BUILTIN,DC=STREAMIO,DC=HTB","domainsid":"S-1-5-21-1470860369-1569627196-4264678630","highvalue":true,"description":"Backup Operators can override security restrictions for the sole purpose of backing up or restoring files","whencreated":1645494260,"admincount":true}},{"Members":[],"Aces":[{"PrincipalSID":"S-1-5-21-1470860369-1569627196-4264678630-512","PrincipalType":"Group","RightName":"Owns","IsInherited":false},{"PrincipalSID":"STREAMIO.HTB-S-1-5-32-544","PrincipalType":"Group","RightName":"WriteDacl","IsInherited":false},{"PrincipalSID":"STREAMIO.HTB-S-1-5-32-544","PrincipalType":"Group","RightName":"WriteOwner","IsInherited":false},{"PrincipalSID":"STREAMIO.HTB-S-1-5-32-544","PrincipalType":"Group","RightName":"GenericWrite","IsInherited":false},{"PrincipalSID":"S-1-5-21-1470860369-1569627196-4264678630-512","PrincipalType":"Group","RightName":"WriteDacl","IsInherited":false},{"PrincipalSID":"S-1-5-21-1470860369-1569627196-4264678630-512","PrincipalType":"Group","RightName":"WriteOwner","IsInherited":false},{"PrincipalSID":"S-1-5-21-1470860369-1569627196-4264678630-512","PrincipalType":"Group","RightName":"GenericWrite","IsInherited":false},{"PrincipalSID":"S-1-5-21-1470860369-1569627196-4264678630-519","PrincipalType":"Group","RightName":"WriteDacl","IsInherited":false},{"PrincipalSID":"S-1-5-21-1470860369-1569627196-4264678630-519","PrincipalType":"Group","RightName":"WriteOwner","IsInherited":false},{"PrincipalSID":"S-1-5-21-1470860369-1569627196-4264678630-519","PrincipalType":"Group","RightName":"GenericWrite","IsInherited":false}],"ObjectIdentifier":"S-1-5-21-1470860369-1569627196-4264678630-516","IsDeleted":false,"IsACLProtected":true,"Properties":{"domain":"STREAMIO.HTB","name":"DOMAIN CONTROLLERS@STREAMIO.HTB","distinguishedname":"CN=DOMAIN CONTROLLERS,CN=USERS,DC=STREAMIO,DC=HTB","domainsid":"S-1-5-21-1470860369-1569627196-4264678630","highvalue":true,"description":"All domain controllers in the domain","whencreated":1645494313,"admincount":true}},{"Members":[{"ObjectIdentifier":"S-1-5-21-1470860369-1569627196-4264678630-500","ObjectType":"User"}],"Aces":[{"PrincipalSID":"S-1-5-21-1470860369-1569627196-4264678630-512","PrincipalType":"Group","RightName":"Owns","IsInherited":false},{"PrincipalSID":"STREAMIO.HTB-S-1-5-32-544","PrincipalType":"Group","RightName":"WriteDacl","IsInherited":false},{"PrincipalSID":"STREAMIO.HTB-S-1-5-32-544","PrincipalType":"Group","RightName":"WriteOwner","IsInherited":false},{"PrincipalSID":"STREAMIO.HTB-S-1-5-32-544","PrincipalType":"Group","RightName":"GenericWrite","IsInherited":false},{"PrincipalSID":"S-1-5-21-1470860369-1569627196-4264678630-512","PrincipalType":"Group","RightName":"WriteDacl","IsInherited":false},{"PrincipalSID":"S-1-5-21-1470860369-1569627196-4264678630-512","PrincipalType":"Group","RightName":"WriteOwner","IsInherited":false},{"PrincipalSID":"S-1-5-21-1470860369-1569627196-4264678630-512","PrincipalType":"Group","RightName":"GenericWrite","IsInherited":false},{"PrincipalSID":"S-1-5-21-1470860369-1569627196-4264678630-519","PrincipalType":"Group","RightName":"WriteDacl","IsInherited":false},{"PrincipalSID":"S-1-5-21-1470860369-1569627196-4264678630-519","PrincipalType":"Group","RightName":"WriteOwner","IsInherited":false},{"PrincipalSID":"S-1-5-21-1470860369-1569627196-4264678630-519","PrincipalType":"Group","RightName":"GenericWrite","IsInherited":false}],"ObjectIdentifier":"S-1-5-21-1470860369-1569627196-4264678630-518","IsDeleted":false,"IsACLProtected":true,"Properties":{"domain":"STREAMIO.HTB","name":"SCHEMA ADMINS@STREAMIO.HTB","distinguishedname":"CN=SCHEMA ADMINS,CN=USERS,DC=STREAMIO,DC=HTB","domainsid":"S-1-5-21-1470860369-1569627196-4264678630","highvalue":false,"description":"Designated administrators of the schema","whencreated":1645494313,"admincount":true}},{"Members":[{"ObjectIdentifier":"S-1-5-21-1470860369-1569627196-4264678630-1105","ObjectType":"User"},{"ObjectIdentifier":"S-1-5-21-1470860369-1569627196-4264678630-512","ObjectType":"Group"},{"ObjectIdentifier":"S-1-5-21-1470860369-1569627196-4264678630-519","ObjectType":"Group"},{"ObjectIdentifier":"S-1-5-21-1470860369-1569627196-4264678630-500","ObjectType":"User"}],"Aces":[{"PrincipalSID":"S-1-5-21-1470860369-1569627196-4264678630-512","PrincipalType":"Group","RightName":"Owns","IsInherited":false},{"PrincipalSID":"STREAMIO.HTB-S-1-5-32-544","PrincipalType":"Group","RightName":"WriteDacl","IsInherited":false},{"PrincipalSID":"STREAMIO.HTB-S-1-5-32-544","PrincipalType":"Group","RightName":"WriteOwner","IsInherited":false},{"PrincipalSID":"STREAMIO.HTB-S-1-5-32-544","PrincipalType":"Group","RightName":"GenericWrite","IsInherited":false},{"PrincipalSID":"S-1-5-21-1470860369-1569627196-4264678630-512","PrincipalType":"Group","RightName":"WriteDacl","IsInherited":false},{"PrincipalSID":"S-1-5-21-1470860369-1569627196-4264678630-512","PrincipalType":"Group","RightName":"WriteOwner","IsInherited":false},{"PrincipalSID":"S-1-5-21-1470860369-1569627196-4264678630-512","PrincipalType":"Group","RightName":"GenericWrite","IsInherited":false},{"PrincipalSID":"S-1-5-21-1470860369-1569627196-4264678630-519","PrincipalType":"Group","RightName":"WriteDacl","IsInherited":false},{"PrincipalSID":"S-1-5-21-1470860369-1569627196-4264678630-519","PrincipalType":"Group","RightName":"WriteOwner","IsInherited":false},{"PrincipalSID":"S-1-5-21-1470860369-1569627196-4264678630-519","PrincipalType":"Group","RightName":"GenericWrite","IsInherited":false}],"ObjectIdentifier":"STREAMIO.HTB-S-1-5-32-544","IsDeleted":false,"IsACLProtected":true,"Properties":{"domain":"STREAMIO.HTB","name":"ADMINISTRATORS@STREAMIO.HTB","distinguishedname":"CN=ADMINISTRATORS,CN=BUILTIN,DC=STREAMIO,DC=HTB","domainsid":"S-1-5-21-1470860369-1569627196-4264678630","highvalue":true,"description":"Administrators have complete and unrestricted access to the computer/domain","whencreated":1645494260,"admincount":true}},{"Members":[],"Aces":[{"PrincipalSID":"STREAMIO.HTB-S-1-5-32-544","PrincipalType":"Group","RightName":"Owns","IsInherited":false},{"PrincipalSID":"STREAMIO.HTB-S-1-5-32-548","PrincipalType":"Group","RightName":"GenericAll","IsInherited":false},{"PrincipalSID":"S-1-5-21-1470860369-1569627196-4264678630-512","PrincipalType":"Group","RightName":"GenericAll","IsInherited":false},{"PrincipalSID":"S-1-5-21-1470860369-1569627196-4264678630-519","PrincipalType":"Group","RightName":"GenericAll","IsInherited":true},{"PrincipalSID":"STREAMIO.HTB-S-1-5-32-544","PrincipalType":"Group","RightName":"WriteDacl","IsInherited":true},{"PrincipalSID":"STREAMIO.HTB-S-1-5-32-544","PrincipalType":"Group","RightName":"WriteOwner","IsInherited":true},{"PrincipalSID":"STREAMIO.HTB-S-1-5-32-544","PrincipalType":"Group","RightName":"GenericWrite","IsInherited":true}],"ObjectIdentifier":"STREAMIO.HTB-S-1-5-32-578","IsDeleted":false,"IsACLProtected":false,"Properties":{"domain":"STREAMIO.HTB","name":"HYPER-V ADMINISTRATORS@STREAMIO.HTB","distinguishedname":"CN=HYPER-V ADMINISTRATORS,CN=BUILTIN,DC=STREAMIO,DC=HTB","domainsid":"S-1-5-21-1470860369-1569627196-4264678630","highvalue":false,"description":"Members of this group have complete and unrestricted access to all features of Hyper-V.","whencreated":1645494260,"admincount":false}},{"Members":[],"Aces":[{"PrincipalSID":"S-1-5-21-1470860369-1569627196-4264678630-512","PrincipalType":"Group","RightName":"Owns","IsInherited":false},{"PrincipalSID":"STREAMIO.HTB-S-1-5-32-544","PrincipalType":"Group","RightName":"WriteDacl","IsInherited":false},{"PrincipalSID":"STREAMIO.HTB-S-1-5-32-544","PrincipalType":"Group","RightName":"WriteOwner","IsInherited":false},{"PrincipalSID":"STREAMIO.HTB-S-1-5-32-544","PrincipalType":"Group","RightName":"GenericWrite","IsInherited":false},{"PrincipalSID":"S-1-5-21-1470860369-1569627196-4264678630-512","PrincipalType":"Group","RightName":"WriteDacl","IsInherited":false},{"PrincipalSID":"S-1-5-21-1470860369-1569627196-4264678630-512","PrincipalType":"Group","RightName":"WriteOwner","IsInherited":false},{"PrincipalSID":"S-1-5-21-1470860369-1569627196-4264678630-512","PrincipalType":"Group","RightName":"GenericWrite","IsInherited":false},{"PrincipalSID":"S-1-5-21-1470860369-1569627196-4264678630-519","PrincipalType":"Group","RightName":"WriteDacl","IsInherited":false},{"PrincipalSID":"S-1-5-21-1470860369-1569627196-4264678630-519","PrincipalType":"Group","RightName":"WriteOwner","IsInherited":false},{"PrincipalSID":"S-1-5-21-1470860369-1569627196-4264678630-519","PrincipalType":"Group","RightName":"GenericWrite","IsInherited":false}],"ObjectIdentifier":"S-1-5-21-1470860369-1569627196-4264678630-526","IsDeleted":false,"IsACLProtected":true,"Properties":{"domain":"STREAMIO.HTB","name":"KEY ADMINS@STREAMIO.HTB","distinguishedname":"CN=KEY ADMINS,CN=USERS,DC=STREAMIO,DC=HTB","domainsid":"S-1-5-21-1470860369-1569627196-4264678630","highvalue":false,"description":"Members of this group can perform administrative actions on key objects within the domain.","whencreated":1645494313,"admincount":true}},{"Members":[],"Aces":[{"PrincipalSID":"S-1-5-21-1470860369-1569627196-4264678630-512","PrincipalType":"Group","RightName":"Owns","IsInherited":false},{"PrincipalSID":"STREAMIO.HTB-S-1-5-32-548","PrincipalType":"Group","RightName":"GenericAll","IsInherited":false},{"PrincipalSID":"S-1-5-21-1470860369-1569627196-4264678630-512","PrincipalType":"Group","RightName":"GenericAll","IsInherited":false},{"PrincipalSID":"S-1-5-21-1470860369-1569627196-4264678630-519","PrincipalType":"Group","RightName":"GenericAll","IsInherited":true},{"PrincipalSID":"STREAMIO.HTB-S-1-5-32-544","PrincipalType":"Group","RightName":"WriteDacl","IsInherited":true},{"PrincipalSID":"STREAMIO.HTB-S-1-5-32-544","PrincipalType":"Group","RightName":"WriteOwner","IsInherited":true},{"PrincipalSID":"STREAMIO.HTB-S-1-5-32-544","PrincipalType":"Group","RightName":"GenericWrite","IsInherited":true}],"ObjectIdentifier":"S-1-5-21-1470860369-1569627196-4264678630-1103","IsDeleted":false,"IsACLProtected":false,"Properties":{"domain":"STREAMIO.HTB","name":"SQLSERVER2005SQLBROWSERUSER$DC@STREAMIO.HTB","distinguishedname":"CN=SQLSERVER2005SQLBROWSERUSER$DC,CN=USERS,DC=STREAMIO,DC=HTB","domainsid":"S-1-5-21-1470860369-1569627196-4264678630","highvalue":false,"description":"Members in the group have the required access and privileges to be assigned as the log on account for the associated instance of SQL Server Browser.","whencreated":1645494893,"admincount":false}},{"Members":[],"Aces":[{"PrincipalSID":"S-1-5-21-1470860369-1569627196-4264678630-512","PrincipalType":"Group","RightName":"Owns","IsInherited":false},{"PrincipalSID":"STREAMIO.HTB-S-1-5-32-548","PrincipalType":"Group","RightName":"GenericAll","IsInherited":false},{"PrincipalSID":"S-1-5-21-1470860369-1569627196-4264678630-512","PrincipalType":"Group","RightName":"GenericAll","IsInherited":false},{"PrincipalSID":"S-1-5-21-1470860369-1569627196-4264678630-519","PrincipalType":"Group","RightName":"GenericAll","IsInherited":true},{"PrincipalSID":"STREAMIO.HTB-S-1-5-32-544","PrincipalType":"Group","RightName":"WriteDacl","IsInherited":true},{"PrincipalSID":"STREAMIO.HTB-S-1-5-32-544","PrincipalType":"Group","RightName":"WriteOwner","IsInherited":true},{"PrincipalSID":"STREAMIO.HTB-S-1-5-32-544","PrincipalType":"Group","RightName":"GenericWrite","IsInherited":true}],"ObjectIdentifier":"S-1-5-21-1470860369-1569627196-4264678630-525","IsDeleted":false,"IsACLProtected":false,"Properties":{"domain":"STREAMIO.HTB","name":"PROTECTED USERS@STREAMIO.HTB","distinguishedname":"CN=PROTECTED USERS,CN=USERS,DC=STREAMIO,DC=HTB","domainsid":"S-1-5-21-1470860369-1569627196-4264678630","highvalue":false,"description":"Members of this group are afforded additional protections against authentication security threats. See http://go.microsoft.com/fwlink/?LinkId=298939 for more information.","whencreated":1645494313,"admincount":false}},{"Members":[{"ObjectIdentifier":"STREAMIO.HTB-S-1-5-11","ObjectType":"Group"}],"Aces":[{"PrincipalSID":"S-1-5-21-1470860369-1569627196-4264678630-512","PrincipalType":"Group","RightName":"Owns","IsInherited":false},{"PrincipalSID":"STREAMIO.HTB-S-1-5-32-548","PrincipalType":"Group","RightName":"GenericAll","IsInherited":false},{"PrincipalSID":"S-1-5-21-1470860369-1569627196-4264678630-512","PrincipalType":"Group","RightName":"GenericAll","IsInherited":false},{"PrincipalSID":"S-1-5-21-1470860369-1569627196-4264678630-519","PrincipalType":"Group","RightName":"GenericAll","IsInherited":true},{"PrincipalSID":"STREAMIO.HTB-S-1-5-32-544","PrincipalType":"Group","RightName":"WriteDacl","IsInherited":true},{"PrincipalSID":"STREAMIO.HTB-S-1-5-32-544","PrincipalType":"Group","RightName":"WriteOwner","IsInherited":true},{"PrincipalSID":"STREAMIO.HTB-S-1-5-32-544","PrincipalType":"Group","RightName":"GenericWrite","IsInherited":true}],"ObjectIdentifier":"STREAMIO.HTB-S-1-5-32-554","IsDeleted":false,"IsACLProtected":false,"Properties":{"domain":"STREAMIO.HTB","name":"PRE-WINDOWS 2000 COMPATIBLE ACCESS@STREAMIO.HTB","distinguishedname":"CN=PRE-WINDOWS 2000 COMPATIBLE ACCESS,CN=BUILTIN,DC=STREAMIO,DC=HTB","domainsid":"S-1-5-21-1470860369-1569627196-4264678630","highvalue":false,"description":"A backward compatibility group which allows read access on all users and groups in the domain","whencreated":1645494313,"admincount":false}},{"Members":[],"Aces":[{"PrincipalSID":"S-1-5-21-1470860369-1569627196-4264678630-512","PrincipalType":"Group","RightName":"Owns","IsInherited":false},{"PrincipalSID":"STREAMIO.HTB-S-1-5-32-548","PrincipalType":"Group","RightName":"GenericAll","IsInherited":false},{"PrincipalSID":"S-1-5-21-1470860369-1569627196-4264678630-512","PrincipalType":"Group","RightName":"GenericAll","IsInherited":false},{"PrincipalSID":"S-1-5-21-1470860369-1569627196-4264678630-519","PrincipalType":"Group","RightName":"GenericAll","IsInherited":true},{"PrincipalSID":"STREAMIO.HTB-S-1-5-32-544","PrincipalType":"Group","RightName":"WriteDacl","IsInherited":true},{"PrincipalSID":"STREAMIO.HTB-S-1-5-32-544","PrincipalType":"Group","RightName":"WriteOwner","IsInherited":true},{"PrincipalSID":"STREAMIO.HTB-S-1-5-32-544","PrincipalType":"Group","RightName":"GenericWrite","IsInherited":true}],"ObjectIdentifier":"S-1-5-21-1470860369-1569627196-4264678630-517","IsDeleted":false,"IsACLProtected":false,"Properties":{"domain":"STREAMIO.HTB","name":"CERT PUBLISHERS@STREAMIO.HTB","distinguishedname":"CN=CERT PUBLISHERS,CN=USERS,DC=STREAMIO,DC=HTB","domainsid":"S-1-5-21-1470860369-1569627196-4264678630","highvalue":false,"description":"Members of this group are permitted to publish certificates to the directory","whencreated":1645494313,"admincount":false}},{"Members":[],"Aces":[{"PrincipalSID":"STREAMIO.HTB-S-1-5-32-544","PrincipalType":"Group","RightName":"Owns","IsInherited":false},{"PrincipalSID":"STREAMIO.HTB-S-1-5-32-548","PrincipalType":"Group","RightName":"GenericAll","IsInherited":false},{"PrincipalSID":"S-1-5-21-1470860369-1569627196-4264678630-512","PrincipalType":"Group","RightName":"GenericAll","IsInherited":false},{"PrincipalSID":"S-1-5-21-1470860369-1569627196-4264678630-519","PrincipalType":"Group","RightName":"GenericAll","IsInherited":true},{"PrincipalSID":"STREAMIO.HTB-S-1-5-32-544","PrincipalType":"Group","RightName":"WriteDacl","IsInherited":true},{"PrincipalSID":"STREAMIO.HTB-S-1-5-32-544","PrincipalType":"Group","RightName":"WriteOwner","IsInherited":true},{"PrincipalSID":"STREAMIO.HTB-S-1-5-32-544","PrincipalType":"Group","RightName":"GenericWrite","IsInherited":true}],"ObjectIdentifier":"STREAMIO.HTB-S-1-5-32-555","IsDeleted":false,"IsACLProtected":false,"Properties":{"domain":"STREAMIO.HTB","name":"REMOTE DESKTOP USERS@STREAMIO.HTB","distinguishedname":"CN=REMOTE DESKTOP USERS,CN=BUILTIN,DC=STREAMIO,DC=HTB","domainsid":"S-1-5-21-1470860369-1569627196-4264678630","highvalue":false,"description":"Members in this group are granted the right to logon remotely","whencreated":1645494260,"admincount":false}},{"Members":[],"Aces":[{"PrincipalSID":"STREAMIO.HTB-S-1-5-32-544","PrincipalType":"Group","RightName":"Owns","IsInherited":false},{"PrincipalSID":"STREAMIO.HTB-S-1-5-32-548","PrincipalType":"Group","RightName":"GenericAll","IsInherited":false},{"PrincipalSID":"S-1-5-21-1470860369-1569627196-4264678630-512","PrincipalType":"Group","RightName":"GenericAll","IsInherited":false},{"PrincipalSID":"S-1-5-21-1470860369-1569627196-4264678630-519","PrincipalType":"Group","RightName":"GenericAll","IsInherited":true},{"PrincipalSID":"STREAMIO.HTB-S-1-5-32-544","PrincipalType":"Group","RightName":"WriteDacl","IsInherited":true},{"PrincipalSID":"STREAMIO.HTB-S-1-5-32-544","PrincipalType":"Group","RightName":"WriteOwner","IsInherited":true},{"PrincipalSID":"STREAMIO.HTB-S-1-5-32-544","PrincipalType":"Group","RightName":"GenericWrite","IsInherited":true}],"ObjectIdentifier":"STREAMIO.HTB-S-1-5-32-556","IsDeleted":false,"IsACLProtected":false,"Properties":{"domain":"STREAMIO.HTB","name":"NETWORK CONFIGURATION OPERATORS@STREAMIO.HTB","distinguishedname":"CN=NETWORK CONFIGURATION OPERATORS,CN=BUILTIN,DC=STREAMIO,DC=HTB","domainsid":"S-1-5-21-1470860369-1569627196-4264678630","highvalue":false,"description":"Members in this group can have some administrative privileges to manage configuration of networking features","whencreated":1645494260,"admincount":false}},{"Members":[],"Aces":[{"PrincipalSID":"STREAMIO.HTB-S-1-5-32-548","PrincipalType":"Group","RightName":"GenericAll","IsInherited":false},{"PrincipalSID":"S-1-5-21-1470860369-1569627196-4264678630-512","PrincipalType":"Group","RightName":"GenericAll","IsInherited":false},{"PrincipalSID":"S-1-5-21-1470860369-1569627196-4264678630-519","PrincipalType":"Group","RightName":"GenericAll","IsInherited":true},{"PrincipalSID":"STREAMIO.HTB-S-1-5-32-544","PrincipalType":"Group","RightName":"WriteDacl","IsInherited":true},{"PrincipalSID":"STREAMIO.HTB-S-1-5-32-544","PrincipalType":"Group","RightName":"WriteOwner","IsInherited":true},{"PrincipalSID":"STREAMIO.HTB-S-1-5-32-544","PrincipalType":"Group","RightName":"GenericWrite","IsInherited":true}],"ObjectIdentifier":"S-1-5-21-1470860369-1569627196-4264678630-1102","IsDeleted":false,"IsACLProtected":false,"Properties":{"domain":"STREAMIO.HTB","name":"DNSUPDATEPROXY@STREAMIO.HTB","distinguishedname":"CN=DNSUPDATEPROXY,CN=USERS,DC=STREAMIO,DC=HTB","domainsid":"S-1-5-21-1470860369-1569627196-4264678630","highvalue":false,"description":"DNS clients who are permitted to perform dynamic updates on behalf of some other clients (such as DHCP servers).","whencreated":1645494353,"admincount":false}},{"Members":[],"Aces":[{"PrincipalSID":"STREAMIO.HTB-S-1-5-32-544","PrincipalType":"Group","RightName":"Owns","IsInherited":false},{"PrincipalSID":"STREAMIO.HTB-S-1-5-32-548","PrincipalType":"Group","RightName":"GenericAll","IsInherited":false},{"PrincipalSID":"S-1-5-21-1470860369-1569627196-4264678630-512","PrincipalType":"Group","RightName":"GenericAll","IsInherited":false},{"PrincipalSID":"S-1-5-21-1470860369-1569627196-4264678630-519","PrincipalType":"Group","RightName":"GenericAll","IsInherited":true},{"PrincipalSID":"STREAMIO.HTB-S-1-5-32-544","PrincipalType":"Group","RightName":"WriteDacl","IsInherited":true},{"PrincipalSID":"STREAMIO.HTB-S-1-5-32-544","PrincipalType":"Group","RightName":"WriteOwner","IsInherited":true},{"PrincipalSID":"STREAMIO.HTB-S-1-5-32-544","PrincipalType":"Group","RightName":"GenericWrite","IsInherited":true}],"ObjectIdentifier":"STREAMIO.HTB-S-1-5-32-576","IsDeleted":false,"IsACLProtected":false,"Properties":{"domain":"STREAMIO.HTB","name":"RDS ENDPOINT SERVERS@STREAMIO.HTB","distinguishedname":"CN=RDS ENDPOINT SERVERS,CN=BUILTIN,DC=STREAMIO,DC=HTB","domainsid":"S-1-5-21-1470860369-1569627196-4264678630","highvalue":false,"description":"Servers in this group run virtual machines and host sessions where users RemoteApp programs and personal virtual desktops run. This group needs to be populated on servers running RD Connection Broker. RD Session Host servers and RD Virtualization Host servers used in the deployment need to be in this group.","whencreated":1645494260,"admincount":false}},{"Members":[{"ObjectIdentifier":"S-1-5-21-1470860369-1569627196-4264678630-1106","ObjectType":"User"},{"ObjectIdentifier":"S-1-5-21-1470860369-1569627196-4264678630-1105","ObjectType":"User"}],"Aces":[{"PrincipalSID":"STREAMIO.HTB-S-1-5-32-544","PrincipalType":"Group","RightName":"Owns","IsInherited":false},{"PrincipalSID":"STREAMIO.HTB-S-1-5-32-548","PrincipalType":"Group","RightName":"GenericAll","IsInherited":false},{"PrincipalSID":"S-1-5-21-1470860369-1569627196-4264678630-512","PrincipalType":"Group","RightName":"GenericAll","IsInherited":false},{"PrincipalSID":"S-1-5-21-1470860369-1569627196-4264678630-519","PrincipalType":"Group","RightName":"GenericAll","IsInherited":true},{"PrincipalSID":"STREAMIO.HTB-S-1-5-32-544","PrincipalType":"Group","RightName":"WriteDacl","IsInherited":true},{"PrincipalSID":"STREAMIO.HTB-S-1-5-32-544","PrincipalType":"Group","RightName":"WriteOwner","IsInherited":true},{"PrincipalSID":"STREAMIO.HTB-S-1-5-32-544","PrincipalType":"Group","RightName":"GenericWrite","IsInherited":true}],"ObjectIdentifier":"STREAMIO.HTB-S-1-5-32-580","IsDeleted":false,"IsACLProtected":false,"Properties":{"domain":"STREAMIO.HTB","name":"REMOTE MANAGEMENT USERS@STREAMIO.HTB","distinguishedname":"CN=REMOTE MANAGEMENT USERS,CN=BUILTIN,DC=STREAMIO,DC=HTB","domainsid":"S-1-5-21-1470860369-1569627196-4264678630","highvalue":false,"description":"Members of this group can access WMI resources over management protocols (such as WS-Management via the Windows Remote Management service). This applies only to WMI namespaces that grant access to the user.","whencreated":1645494260,"admincount":false}},{"Members":[],"Aces":[{"PrincipalSID":"STREAMIO.HTB-S-1-5-32-544","PrincipalType":"Group","RightName":"Owns","IsInherited":false},{"PrincipalSID":"STREAMIO.HTB-S-1-5-32-548","PrincipalType":"Group","RightName":"GenericAll","IsInherited":false},{"PrincipalSID":"S-1-5-21-1470860369-1569627196-4264678630-512","PrincipalType":"Group","RightName":"GenericAll","IsInherited":false},{"PrincipalSID":"S-1-5-21-1470860369-1569627196-4264678630-519","PrincipalType":"Group","RightName":"GenericAll","IsInherited":true},{"PrincipalSID":"STREAMIO.HTB-S-1-5-32-544","PrincipalType":"Group","RightName":"WriteDacl","IsInherited":true},{"PrincipalSID":"STREAMIO.HTB-S-1-5-32-544","PrincipalType":"Group","RightName":"WriteOwner","IsInherited":true},{"PrincipalSID":"STREAMIO.HTB-S-1-5-32-544","PrincipalType":"Group","RightName":"GenericWrite","IsInherited":true}],"ObjectIdentifier":"STREAMIO.HTB-S-1-5-32-582","IsDeleted":false,"IsACLProtected":false,"Properties":{"domain":"STREAMIO.HTB","name":"STORAGE REPLICA ADMINISTRATORS@STREAMIO.HTB","distinguishedname":"CN=STORAGE REPLICA ADMINISTRATORS,CN=BUILTIN,DC=STREAMIO,DC=HTB","domainsid":"S-1-5-21-1470860369-1569627196-4264678630","highvalue":false,"description":"Members of this group have complete and unrestricted access to all features of Storage Replica.","whencreated":1645494260,"admincount":false}},{"Members":[],"Aces":[{"PrincipalSID":"S-1-5-21-1470860369-1569627196-4264678630-512","PrincipalType":"Group","RightName":"Owns","IsInherited":false},{"PrincipalSID":"STREAMIO.HTB-S-1-5-32-548","PrincipalType":"Group","RightName":"GenericAll","IsInherited":false},{"PrincipalSID":"S-1-5-21-1470860369-1569627196-4264678630-512","PrincipalType":"Group","RightName":"GenericAll","IsInherited":false},{"PrincipalSID":"S-1-5-21-1470860369-1569627196-4264678630-519","PrincipalType":"Group","RightName":"GenericAll","IsInherited":true},{"PrincipalSID":"STREAMIO.HTB-S-1-5-32-544","PrincipalType":"Group","RightName":"WriteDacl","IsInherited":true},{"PrincipalSID":"STREAMIO.HTB-S-1-5-32-544","PrincipalType":"Group","RightName":"WriteOwner","IsInherited":true},{"PrincipalSID":"STREAMIO.HTB-S-1-5-32-544","PrincipalType":"Group","RightName":"GenericWrite","IsInherited":true}],"ObjectIdentifier":"S-1-5-21-1470860369-1569627196-4264678630-553","IsDeleted":false,"IsACLProtected":false,"Properties":{"domain":"STREAMIO.HTB","name":"RAS AND IAS SERVERS@STREAMIO.HTB","distinguishedname":"CN=RAS AND IAS SERVERS,CN=USERS,DC=STREAMIO,DC=HTB","domainsid":"S-1-5-21-1470860369-1569627196-4264678630","highvalue":false,"description":"Servers in this group can access remote access properties of users","whencreated":1645494313,"admincount":false}},{"Members":[],"Aces":[{"PrincipalSID":"STREAMIO.HTB-S-1-5-32-544","PrincipalType":"Group","RightName":"Owns","IsInherited":false},{"PrincipalSID":"STREAMIO.HTB-S-1-5-32-548","PrincipalType":"Group","RightName":"GenericAll","IsInherited":false},{"PrincipalSID":"S-1-5-21-1470860369-1569627196-4264678630-512","PrincipalType":"Group","RightName":"GenericAll","IsInherited":false},{"PrincipalSID":"S-1-5-21-1470860369-1569627196-4264678630-519","PrincipalType":"Group","RightName":"GenericAll","IsInherited":true},{"PrincipalSID":"STREAMIO.HTB-S-1-5-32-544","PrincipalType":"Group","RightName":"WriteDacl","IsInherited":true},{"PrincipalSID":"STREAMIO.HTB-S-1-5-32-544","PrincipalType":"Group","RightName":"WriteOwner","IsInherited":true},{"PrincipalSID":"STREAMIO.HTB-S-1-5-32-544","PrincipalType":"Group","RightName":"GenericWrite","IsInherited":true}],"ObjectIdentifier":"STREAMIO.HTB-S-1-5-32-574","IsDeleted":false,"IsACLProtected":false,"Properties":{"domain":"STREAMIO.HTB","name":"CERTIFICATE SERVICE DCOM ACCESS@STREAMIO.HTB","distinguishedname":"CN=CERTIFICATE SERVICE DCOM ACCESS,CN=BUILTIN,DC=STREAMIO,DC=HTB","domainsid":"S-1-5-21-1470860369-1569627196-4264678630","highvalue":false,"description":"Members of this group are allowed to connect to Certification Authorities in the enterprise","whencreated":1645494260,"admincount":false}},{"Members":[],"Aces":[{"PrincipalSID":"S-1-5-21-1470860369-1569627196-4264678630-512","PrincipalType":"Group","RightName":"Owns","IsInherited":false},{"PrincipalSID":"STREAMIO.HTB-S-1-5-32-548","PrincipalType":"Group","RightName":"GenericAll","IsInherited":false},{"PrincipalSID":"S-1-5-21-1470860369-1569627196-4264678630-512","PrincipalType":"Group","RightName":"GenericAll","IsInherited":false},{"PrincipalSID":"S-1-5-21-1470860369-1569627196-4264678630-519","PrincipalType":"Group","RightName":"GenericAll","IsInherited":true},{"PrincipalSID":"STREAMIO.HTB-S-1-5-32-544","PrincipalType":"Group","RightName":"WriteDacl","IsInherited":true},{"PrincipalSID":"STREAMIO.HTB-S-1-5-32-544","PrincipalType":"Group","RightName":"WriteOwner","IsInherited":true},{"PrincipalSID":"STREAMIO.HTB-S-1-5-32-544","PrincipalType":"Group","RightName":"GenericWrite","IsInherited":true}],"ObjectIdentifier":"S-1-5-21-1470860369-1569627196-4264678630-522","IsDeleted":false,"IsACLProtected":false,"Properties":{"domain":"STREAMIO.HTB","name":"CLONEABLE DOMAIN CONTROLLERS@STREAMIO.HTB","distinguishedname":"CN=CLONEABLE DOMAIN CONTROLLERS,CN=USERS,DC=STREAMIO,DC=HTB","domainsid":"S-1-5-21-1470860369-1569627196-4264678630","highvalue":false,"description":"Members of this group that are domain controllers may be cloned.","whencreated":1645494313,"admincount":false}},{"Members":[],"Aces":[{"PrincipalSID":"S-1-5-21-1470860369-1569627196-4264678630-512","PrincipalType":"Group","RightName":"Owns","IsInherited":false},{"PrincipalSID":"STREAMIO.HTB-S-1-5-32-548","PrincipalType":"Group","RightName":"GenericAll","IsInherited":false},{"PrincipalSID":"S-1-5-21-1470860369-1569627196-4264678630-512","PrincipalType":"Group","RightName":"GenericAll","IsInherited":false},{"PrincipalSID":"S-1-5-21-1470860369-1569627196-4264678630-519","PrincipalType":"Group","RightName":"GenericAll","IsInherited":true},{"PrincipalSID":"STREAMIO.HTB-S-1-5-32-544","PrincipalType":"Group","RightName":"WriteDacl","IsInherited":true},{"PrincipalSID":"STREAMIO.HTB-S-1-5-32-544","PrincipalType":"Group","RightName":"WriteOwner","IsInherited":true},{"PrincipalSID":"STREAMIO.HTB-S-1-5-32-544","PrincipalType":"Group","RightName":"GenericWrite","IsInherited":true}],"ObjectIdentifier":"S-1-5-21-1470860369-1569627196-4264678630-498","IsDeleted":false,"IsACLProtected":false,"Properties":{"domain":"STREAMIO.HTB","name":"ENTERPRISE READ-ONLY DOMAIN CONTROLLERS@STREAMIO.HTB","distinguishedname":"CN=ENTERPRISE READ-ONLY DOMAIN CONTROLLERS,CN=USERS,DC=STREAMIO,DC=HTB","domainsid":"S-1-5-21-1470860369-1569627196-4264678630","highvalue":false,"description":"Members of this group are Read-Only Domain Controllers in the enterprise","whencreated":1645494313,"admincount":false}},{"Members":[{"ObjectIdentifier":"S-1-5-21-1470860369-1569627196-4264678630-514","ObjectType":"Group"},{"ObjectIdentifier":"S-1-5-21-1470860369-1569627196-4264678630-501","ObjectType":"User"}],"Aces":[{"PrincipalSID":"STREAMIO.HTB-S-1-5-32-544","PrincipalType":"Group","RightName":"Owns","IsInherited":false},{"PrincipalSID":"STREAMIO.HTB-S-1-5-32-548","PrincipalType":"Group","RightName":"GenericAll","IsInherited":false},{"PrincipalSID":"S-1-5-21-1470860369-1569627196-4264678630-512","PrincipalType":"Group","RightName":"GenericAll","IsInherited":false},{"PrincipalSID":"S-1-5-21-1470860369-1569627196-4264678630-519","PrincipalType":"Group","RightName":"GenericAll","IsInherited":true},{"PrincipalSID":"STREAMIO.HTB-S-1-5-32-544","PrincipalType":"Group","RightName":"WriteDacl","IsInherited":true},{"PrincipalSID":"STREAMIO.HTB-S-1-5-32-544","PrincipalType":"Group","RightName":"WriteOwner","IsInherited":true},{"PrincipalSID":"STREAMIO.HTB-S-1-5-32-544","PrincipalType":"Group","RightName":"GenericWrite","IsInherited":true}],"ObjectIdentifier":"STREAMIO.HTB-S-1-5-32-546","IsDeleted":false,"IsACLProtected":false,"Properties":{"domain":"STREAMIO.HTB","name":"GUESTS@STREAMIO.HTB","distinguishedname":"CN=GUESTS,CN=BUILTIN,DC=STREAMIO,DC=HTB","domainsid":"S-1-5-21-1470860369-1569627196-4264678630","highvalue":false,"description":"Guests have the same access as members of the Users group by default, except for the Guest account which is further restricted","whencreated":1645494260,"admincount":false}},{"Members":[],"Aces":[{"PrincipalSID":"STREAMIO.HTB-S-1-5-32-544","PrincipalType":"Group","RightName":"Owns","IsInherited":false},{"PrincipalSID":"STREAMIO.HTB-S-1-5-32-548","PrincipalType":"Group","RightName":"GenericAll","IsInherited":false},{"PrincipalSID":"S-1-5-21-1470860369-1569627196-4264678630-512","PrincipalType":"Group","RightName":"GenericAll","IsInherited":false},{"PrincipalSID":"S-1-5-21-1470860369-1569627196-4264678630-519","PrincipalType":"Group","RightName":"GenericAll","IsInherited":true},{"PrincipalSID":"STREAMIO.HTB-S-1-5-32-544","PrincipalType":"Group","RightName":"WriteDacl","IsInherited":true},{"PrincipalSID":"STREAMIO.HTB-S-1-5-32-544","PrincipalType":"Group","RightName":"WriteOwner","IsInherited":true},{"PrincipalSID":"STREAMIO.HTB-S-1-5-32-544","PrincipalType":"Group","RightName":"GenericWrite","IsInherited":true}],"ObjectIdentifier":"STREAMIO.HTB-S-1-5-32-579","IsDeleted":false,"IsACLProtected":false,"Properties":{"domain":"STREAMIO.HTB","name":"ACCESS CONTROL ASSISTANCE OPERATORS@STREAMIO.HTB","distinguishedname":"CN=ACCESS CONTROL ASSISTANCE OPERATORS,CN=BUILTIN,DC=STREAMIO,DC=HTB","domainsid":"S-1-5-21-1470860369-1569627196-4264678630","highvalue":false,"description":"Members of this group can remotely query authorization attributes and permissions for resources on this computer.","whencreated":1645494260,"admincount":false}},{"Members":[],"Aces":[{"PrincipalSID":"S-1-5-21-1470860369-1569627196-4264678630-512","PrincipalType":"Group","RightName":"Owns","IsInherited":false},{"PrincipalSID":"STREAMIO.HTB-S-1-5-32-548","PrincipalType":"Group","RightName":"GenericAll","IsInherited":false},{"PrincipalSID":"S-1-5-21-1470860369-1569627196-4264678630-512","PrincipalType":"Group","RightName":"GenericAll","IsInherited":false},{"PrincipalSID":"S-1-5-21-1470860369-1569627196-4264678630-519","PrincipalType":"Group","RightName":"GenericAll","IsInherited":true},{"PrincipalSID":"STREAMIO.HTB-S-1-5-32-544","PrincipalType":"Group","RightName":"WriteDacl","IsInherited":true},{"PrincipalSID":"STREAMIO.HTB-S-1-5-32-544","PrincipalType":"Group","RightName":"WriteOwner","IsInherited":true},{"PrincipalSID":"STREAMIO.HTB-S-1-5-32-544","PrincipalType":"Group","RightName":"GenericWrite","IsInherited":true}],"ObjectIdentifier":"S-1-5-21-1470860369-1569627196-4264678630-515","IsDeleted":false,"IsACLProtected":false,"Properties":{"domain":"STREAMIO.HTB","name":"DOMAIN COMPUTERS@STREAMIO.HTB","distinguishedname":"CN=DOMAIN COMPUTERS,CN=USERS,DC=STREAMIO,DC=HTB","domainsid":"S-1-5-21-1470860369-1569627196-4264678630","highvalue":false,"description":"All workstations and servers joined to the domain","whencreated":1645494313,"admincount":false}},{"Members":[],"Aces":[{"PrincipalSID":"STREAMIO.HTB-S-1-5-32-544","PrincipalType":"Group","RightName":"Owns","IsInherited":false},{"PrincipalSID":"STREAMIO.HTB-S-1-5-32-548","PrincipalType":"Group","RightName":"GenericAll","IsInherited":false},{"PrincipalSID":"S-1-5-21-1470860369-1569627196-4264678630-512","PrincipalType":"Group","RightName":"GenericAll","IsInherited":false},{"PrincipalSID":"S-1-5-21-1470860369-1569627196-4264678630-519","PrincipalType":"Group","RightName":"GenericAll","IsInherited":true},{"PrincipalSID":"STREAMIO.HTB-S-1-5-32-544","PrincipalType":"Group","RightName":"WriteDacl","IsInherited":true},{"PrincipalSID":"STREAMIO.HTB-S-1-5-32-544","PrincipalType":"Group","RightName":"WriteOwner","IsInherited":true},{"PrincipalSID":"STREAMIO.HTB-S-1-5-32-544","PrincipalType":"Group","RightName":"GenericWrite","IsInherited":true}],"ObjectIdentifier":"STREAMIO.HTB-S-1-5-32-559","IsDeleted":false,"IsACLProtected":false,"Properties":{"domain":"STREAMIO.HTB","name":"PERFORMANCE LOG USERS@STREAMIO.HTB","distinguishedname":"CN=PERFORMANCE LOG USERS,CN=BUILTIN,DC=STREAMIO,DC=HTB","domainsid":"S-1-5-21-1470860369-1569627196-4264678630","highvalue":false,"description":"Members of this group may schedule logging of performance counters, enable trace providers, and collect event traces both locally and via remote access to this computer","whencreated":1645494260,"admincount":false}},{"Members":[],"Aces":[{"PrincipalSID":"STREAMIO.HTB-S-1-5-32-544","PrincipalType":"Group","RightName":"Owns","IsInherited":false},{"PrincipalSID":"STREAMIO.HTB-S-1-5-32-548","PrincipalType":"Group","RightName":"GenericAll","IsInherited":false},{"PrincipalSID":"S-1-5-21-1470860369-1569627196-4264678630-512","PrincipalType":"Group","RightName":"GenericAll","IsInherited":false},{"PrincipalSID":"S-1-5-21-1470860369-1569627196-4264678630-519","PrincipalType":"Group","RightName":"GenericAll","IsInherited":true},{"PrincipalSID":"STREAMIO.HTB-S-1-5-32-544","PrincipalType":"Group","RightName":"WriteDacl","IsInherited":true},{"PrincipalSID":"STREAMIO.HTB-S-1-5-32-544","PrincipalType":"Group","RightName":"WriteOwner","IsInherited":true},{"PrincipalSID":"STREAMIO.HTB-S-1-5-32-544","PrincipalType":"Group","RightName":"GenericWrite","IsInherited":true}],"ObjectIdentifier":"STREAMIO.HTB-S-1-5-32-568","IsDeleted":false,"IsACLProtected":false,"Properties":{"domain":"STREAMIO.HTB","name":"IIS_IUSRS@STREAMIO.HTB","distinguishedname":"CN=IIS_IUSRS,CN=BUILTIN,DC=STREAMIO,DC=HTB","domainsid":"S-1-5-21-1470860369-1569627196-4264678630","highvalue":false,"description":"Built-in group used by Internet Information Services.","whencreated":1645494260,"admincount":false}},{"Members":[],"Aces":[{"PrincipalSID":"STREAMIO.HTB-S-1-5-32-544","PrincipalType":"Group","RightName":"Owns","IsInherited":false},{"PrincipalSID":"STREAMIO.HTB-S-1-5-32-548","PrincipalType":"Group","RightName":"GenericAll","IsInherited":false},{"PrincipalSID":"S-1-5-21-1470860369-1569627196-4264678630-512","PrincipalType":"Group","RightName":"GenericAll","IsInherited":false},{"PrincipalSID":"S-1-5-21-1470860369-1569627196-4264678630-519","PrincipalType":"Group","RightName":"GenericAll","IsInherited":true},{"PrincipalSID":"STREAMIO.HTB-S-1-5-32-544","PrincipalType":"Group","RightName":"WriteDacl","IsInherited":true},{"PrincipalSID":"STREAMIO.HTB-S-1-5-32-544","PrincipalType":"Group","RightName":"WriteOwner","IsInherited":true},{"PrincipalSID":"STREAMIO.HTB-S-1-5-32-544","PrincipalType":"Group","RightName":"GenericWrite","IsInherited":true}],"ObjectIdentifier":"STREAMIO.HTB-S-1-5-32-569","IsDeleted":false,"IsACLProtected":false,"Properties":{"domain":"STREAMIO.HTB","name":"CRYPTOGRAPHIC OPERATORS@STREAMIO.HTB","distinguishedname":"CN=CRYPTOGRAPHIC OPERATORS,CN=BUILTIN,DC=STREAMIO,DC=HTB","domainsid":"S-1-5-21-1470860369-1569627196-4264678630","highvalue":false,"description":"Members are authorized to perform cryptographic operations.","whencreated":1645494260,"admincount":false}},{"Members":[],"Aces":[{"PrincipalSID":"STREAMIO.HTB-S-1-5-32-544","PrincipalType":"Group","RightName":"Owns","IsInherited":false},{"PrincipalSID":"STREAMIO.HTB-S-1-5-32-548","PrincipalType":"Group","RightName":"GenericAll","IsInherited":false},{"PrincipalSID":"S-1-5-21-1470860369-1569627196-4264678630-512","PrincipalType":"Group","RightName":"GenericAll","IsInherited":false},{"PrincipalSID":"S-1-5-21-1470860369-1569627196-4264678630-519","PrincipalType":"Group","RightName":"GenericAll","IsInherited":true},{"PrincipalSID":"STREAMIO.HTB-S-1-5-32-544","PrincipalType":"Group","RightName":"WriteDacl","IsInherited":true},{"PrincipalSID":"STREAMIO.HTB-S-1-5-32-544","PrincipalType":"Group","RightName":"WriteOwner","IsInherited":true},{"PrincipalSID":"STREAMIO.HTB-S-1-5-32-544","PrincipalType":"Group","RightName":"GenericWrite","IsInherited":true}],"ObjectIdentifier":"STREAMIO.HTB-S-1-5-32-573","IsDeleted":false,"IsACLProtected":false,"Properties":{"domain":"STREAMIO.HTB","name":"EVENT LOG READERS@STREAMIO.HTB","distinguishedname":"CN=EVENT LOG READERS,CN=BUILTIN,DC=STREAMIO,DC=HTB","domainsid":"S-1-5-21-1470860369-1569627196-4264678630","highvalue":false,"description":"Members of this group can read event logs from local machine","whencreated":1645494260,"admincount":false}},{"Members":[],"Aces":[{"PrincipalSID":"STREAMIO.HTB-S-1-5-32-548","PrincipalType":"Group","RightName":"GenericAll","IsInherited":false},{"PrincipalSID":"S-1-5-21-1470860369-1569627196-4264678630-512","PrincipalType":"Group","RightName":"GenericAll","IsInherited":false},{"PrincipalSID":"S-1-5-21-1470860369-1569627196-4264678630-519","PrincipalType":"Group","RightName":"GenericAll","IsInherited":true},{"PrincipalSID":"STREAMIO.HTB-S-1-5-32-544","PrincipalType":"Group","RightName":"WriteDacl","IsInherited":true},{"PrincipalSID":"STREAMIO.HTB-S-1-5-32-544","PrincipalType":"Group","RightName":"WriteOwner","IsInherited":true},{"PrincipalSID":"STREAMIO.HTB-S-1-5-32-544","PrincipalType":"Group","RightName":"GenericWrite","IsInherited":true}],"ObjectIdentifier":"S-1-5-21-1470860369-1569627196-4264678630-1101","IsDeleted":false,"IsACLProtected":false,"Properties":{"domain":"STREAMIO.HTB","name":"DNSADMINS@STREAMIO.HTB","distinguishedname":"CN=DNSADMINS,CN=USERS,DC=STREAMIO,DC=HTB","domainsid":"S-1-5-21-1470860369-1569627196-4264678630","highvalue":false,"description":"DNS Administrators Group","whencreated":1645494353,"admincount":false}},{"Members":[],"Aces":[{"PrincipalSID":"S-1-5-21-1470860369-1569627196-4264678630-512","PrincipalType":"Group","RightName":"Owns","IsInherited":false},{"PrincipalSID":"STREAMIO.HTB-S-1-5-32-548","PrincipalType":"Group","RightName":"GenericAll","IsInherited":false},{"PrincipalSID":"S-1-5-21-1470860369-1569627196-4264678630-512","PrincipalType":"Group","RightName":"GenericAll","IsInherited":false},{"PrincipalSID":"S-1-5-21-1470860369-1569627196-4264678630-519","PrincipalType":"Group","RightName":"GenericAll","IsInherited":true},{"PrincipalSID":"STREAMIO.HTB-S-1-5-32-544","PrincipalType":"Group","RightName":"WriteDacl","IsInherited":true},{"PrincipalSID":"STREAMIO.HTB-S-1-5-32-544","PrincipalType":"Group","RightName":"WriteOwner","IsInherited":true},{"PrincipalSID":"STREAMIO.HTB-S-1-5-32-544","PrincipalType":"Group","RightName":"GenericWrite","IsInherited":true}],"ObjectIdentifier":"S-1-5-21-1470860369-1569627196-4264678630-571","IsDeleted":false,"IsACLProtected":false,"Properties":{"domain":"STREAMIO.HTB","name":"ALLOWED RODC PASSWORD REPLICATION GROUP@STREAMIO.HTB","distinguishedname":"CN=ALLOWED RODC PASSWORD REPLICATION GROUP,CN=USERS,DC=STREAMIO,DC=HTB","domainsid":"S-1-5-21-1470860369-1569627196-4264678630","highvalue":false,"description":"Members in this group can have their passwords replicated to all read-only domain controllers in the domain","whencreated":1645494313,"admincount":false}},{"Members":[],"Aces":[{"PrincipalSID":"STREAMIO.HTB-S-1-5-32-544","PrincipalType":"Group","RightName":"Owns","IsInherited":false},{"PrincipalSID":"STREAMIO.HTB-S-1-5-32-548","PrincipalType":"Group","RightName":"GenericAll","IsInherited":false},{"PrincipalSID":"S-1-5-21-1470860369-1569627196-4264678630-512","PrincipalType":"Group","RightName":"GenericAll","IsInherited":false},{"PrincipalSID":"S-1-5-21-1470860369-1569627196-4264678630-519","PrincipalType":"Group","RightName":"GenericAll","IsInherited":true},{"PrincipalSID":"STREAMIO.HTB-S-1-5-32-544","PrincipalType":"Group","RightName":"WriteDacl","IsInherited":true},{"PrincipalSID":"STREAMIO.HTB-S-1-5-32-544","PrincipalType":"Group","RightName":"WriteOwner","IsInherited":true},{"PrincipalSID":"STREAMIO.HTB-S-1-5-32-544","PrincipalType":"Group","RightName":"GenericWrite","IsInherited":true}],"ObjectIdentifier":"STREAMIO.HTB-S-1-5-32-575","IsDeleted":false,"IsACLProtected":false,"Properties":{"domain":"STREAMIO.HTB","name":"RDS REMOTE ACCESS SERVERS@STREAMIO.HTB","distinguishedname":"CN=RDS REMOTE ACCESS SERVERS,CN=BUILTIN,DC=STREAMIO,DC=HTB","domainsid":"S-1-5-21-1470860369-1569627196-4264678630","highvalue":false,"description":"Servers in this group enable users of RemoteApp programs and personal virtual desktops access to these resources. In Internet-facing deployments, these servers are typically deployed in an edge network. This group needs to be populated on servers running RD Connection Broker. RD Gateway servers and RD Web Access servers used in the deployment need to be in this group.","whencreated":1645494260,"admincount":false}},{"Members":[],"Aces":[{"PrincipalSID":"STREAMIO.HTB-S-1-5-32-544","PrincipalType":"Group","RightName":"Owns","IsInherited":false},{"PrincipalSID":"STREAMIO.HTB-S-1-5-32-548","PrincipalType":"Group","RightName":"GenericAll","IsInherited":false},{"PrincipalSID":"S-1-5-21-1470860369-1569627196-4264678630-512","PrincipalType":"Group","RightName":"GenericAll","IsInherited":false},{"PrincipalSID":"S-1-5-21-1470860369-1569627196-4264678630-519","PrincipalType":"Group","RightName":"GenericAll","IsInherited":true},{"PrincipalSID":"STREAMIO.HTB-S-1-5-32-544","PrincipalType":"Group","RightName":"WriteDacl","IsInherited":true},{"PrincipalSID":"STREAMIO.HTB-S-1-5-32-544","PrincipalType":"Group","RightName":"WriteOwner","IsInherited":true},{"PrincipalSID":"STREAMIO.HTB-S-1-5-32-544","PrincipalType":"Group","RightName":"GenericWrite","IsInherited":true}],"ObjectIdentifier":"STREAMIO.HTB-S-1-5-32-577","IsDeleted":false,"IsACLProtected":false,"Properties":{"domain":"STREAMIO.HTB","name":"RDS MANAGEMENT SERVERS@STREAMIO.HTB","distinguishedname":"CN=RDS MANAGEMENT SERVERS,CN=BUILTIN,DC=STREAMIO,DC=HTB","domainsid":"S-1-5-21-1470860369-1569627196-4264678630","highvalue":false,"description":"Servers in this group can perform routine administrative actions on servers running Remote Desktop Services. This group needs to be populated on all servers in a Remote Desktop Services deployment. The servers running the RDS Central Management service must be included in this group.","whencreated":1645494260,"admincount":false}},{"Members":[],"Aces":[{"PrincipalSID":"S-1-5-21-1470860369-1569627196-4264678630-512","PrincipalType":"Group","RightName":"Owns","IsInherited":false},{"PrincipalSID":"STREAMIO.HTB-S-1-5-32-548","PrincipalType":"Group","RightName":"GenericAll","IsInherited":false},{"PrincipalSID":"S-1-5-21-1470860369-1569627196-4264678630-512","PrincipalType":"Group","RightName":"GenericAll","IsInherited":false},{"PrincipalSID":"S-1-5-21-1470860369-1569627196-4264678630-519","PrincipalType":"Group","RightName":"GenericAll","IsInherited":true},{"PrincipalSID":"STREAMIO.HTB-S-1-5-32-544","PrincipalType":"Group","RightName":"WriteDacl","IsInherited":true},{"PrincipalSID":"STREAMIO.HTB-S-1-5-32-544","PrincipalType":"Group","RightName":"WriteOwner","IsInherited":true},{"PrincipalSID":"STREAMIO.HTB-S-1-5-32-544","PrincipalType":"Group","RightName":"GenericWrite","IsInherited":true}],"ObjectIdentifier":"STREAMIO.HTB-S-1-5-32-557","IsDeleted":false,"IsACLProtected":false,"Properties":{"domain":"STREAMIO.HTB","name":"INCOMING FOREST TRUST BUILDERS@STREAMIO.HTB","distinguishedname":"CN=INCOMING FOREST TRUST BUILDERS,CN=BUILTIN,DC=STREAMIO,DC=HTB","domainsid":"S-1-5-21-1470860369-1569627196-4264678630","highvalue":false,"description":"Members of this group can create incoming, one-way trusts to this forest","whencreated":1645494313,"admincount":false}},{"Members":[],"Aces":[{"PrincipalSID":"S-1-5-21-1470860369-1569627196-4264678630-1104","PrincipalType":"User","RightName":"Owns","IsInherited":false},{"PrincipalSID":"STREAMIO.HTB-S-1-5-32-548","PrincipalType":"Group","RightName":"GenericAll","IsInherited":false},{"PrincipalSID":"S-1-5-21-1470860369-1569627196-4264678630-512","PrincipalType":"Group","RightName":"GenericAll","IsInherited":false},{"PrincipalSID":"S-1-5-21-1470860369-1569627196-4264678630-1104","PrincipalType":"User","RightName":"WriteOwner","IsInherited":false},{"PrincipalSID":"S-1-5-21-1470860369-1569627196-4264678630-519","PrincipalType":"Group","RightName":"GenericAll","IsInherited":true},{"PrincipalSID":"STREAMIO.HTB-S-1-5-32-544","PrincipalType":"Group","RightName":"WriteDacl","IsInherited":true},{"PrincipalSID":"STREAMIO.HTB-S-1-5-32-544","PrincipalType":"Group","RightName":"WriteOwner","IsInherited":true},{"PrincipalSID":"STREAMIO.HTB-S-1-5-32-544","PrincipalType":"Group","RightName":"GenericWrite","IsInherited":true}],"ObjectIdentifier":"S-1-5-21-1470860369-1569627196-4264678630-1108","IsDeleted":false,"IsACLProtected":false,"Properties":{"domain":"STREAMIO.HTB","name":"CORE STAFF@STREAMIO.HTB","distinguishedname":"CN=CORE STAFF,CN=USERS,DC=STREAMIO,DC=HTB","domainsid":"S-1-5-21-1470860369-1569627196-4264678630","highvalue":false,"description":null,"whencreated":1645495052,"admincount":false}},{"Members":[],"Aces":[{"PrincipalSID":"S-1-5-21-1470860369-1569627196-4264678630-512","PrincipalType":"Group","RightName":"Owns","IsInherited":false},{"PrincipalSID":"STREAMIO.HTB-S-1-5-32-548","PrincipalType":"Group","RightName":"GenericAll","IsInherited":false},{"PrincipalSID":"S-1-5-21-1470860369-1569627196-4264678630-512","PrincipalType":"Group","RightName":"GenericAll","IsInherited":false},{"PrincipalSID":"S-1-5-21-1470860369-1569627196-4264678630-519","PrincipalType":"Group","RightName":"GenericAll","IsInherited":true},{"PrincipalSID":"STREAMIO.HTB-S-1-5-32-544","PrincipalType":"Group","RightName":"WriteDacl","IsInherited":true},{"PrincipalSID":"STREAMIO.HTB-S-1-5-32-544","PrincipalType":"Group","RightName":"WriteOwner","IsInherited":true},{"PrincipalSID":"STREAMIO.HTB-S-1-5-32-544","PrincipalType":"Group","RightName":"GenericWrite","IsInherited":true}],"ObjectIdentifier":"S-1-5-21-1470860369-1569627196-4264678630-514","IsDeleted":false,"IsACLProtected":false,"Properties":{"domain":"STREAMIO.HTB","name":"DOMAIN GUESTS@STREAMIO.HTB","distinguishedname":"CN=DOMAIN GUESTS,CN=USERS,DC=STREAMIO,DC=HTB","domainsid":"S-1-5-21-1470860369-1569627196-4264678630","highvalue":false,"description":"All domain guests","whencreated":1645494313,"admincount":false}},{"Members":[{"ObjectIdentifier":"STREAMIO.HTB-S-1-5-9","ObjectType":"Group"}],"Aces":[{"PrincipalSID":"S-1-5-21-1470860369-1569627196-4264678630-512","PrincipalType":"Group","RightName":"Owns","IsInherited":false},{"PrincipalSID":"STREAMIO.HTB-S-1-5-32-548","PrincipalType":"Group","RightName":"GenericAll","IsInherited":false},{"PrincipalSID":"S-1-5-21-1470860369-1569627196-4264678630-512","PrincipalType":"Group","RightName":"GenericAll","IsInherited":false},{"PrincipalSID":"S-1-5-21-1470860369-1569627196-4264678630-519","PrincipalType":"Group","RightName":"GenericAll","IsInherited":true},{"PrincipalSID":"STREAMIO.HTB-S-1-5-32-544","PrincipalType":"Group","RightName":"WriteDacl","IsInherited":true},{"PrincipalSID":"STREAMIO.HTB-S-1-5-32-544","PrincipalType":"Group","RightName":"WriteOwner","IsInherited":true},{"PrincipalSID":"STREAMIO.HTB-S-1-5-32-544","PrincipalType":"Group","RightName":"GenericWrite","IsInherited":true}],"ObjectIdentifier":"STREAMIO.HTB-S-1-5-32-560","IsDeleted":false,"IsACLProtected":false,"Properties":{"domain":"STREAMIO.HTB","name":"WINDOWS AUTHORIZATION ACCESS GROUP@STREAMIO.HTB","distinguishedname":"CN=WINDOWS AUTHORIZATION ACCESS GROUP,CN=BUILTIN,DC=STREAMIO,DC=HTB","domainsid":"S-1-5-21-1470860369-1569627196-4264678630","highvalue":false,"description":"Members of this group have access to the computed tokenGroupsGlobalAndUniversal attribute on User objects","whencreated":1645494313,"admincount":false}},{"Members":[],"Aces":[{"PrincipalSID":"S-1-5-21-1470860369-1569627196-4264678630-512","PrincipalType":"Group","RightName":"Owns","IsInherited":false},{"PrincipalSID":"STREAMIO.HTB-S-1-5-32-548","PrincipalType":"Group","RightName":"GenericAll","IsInherited":false},{"PrincipalSID":"S-1-5-21-1470860369-1569627196-4264678630-512","PrincipalType":"Group","RightName":"GenericAll","IsInherited":false},{"PrincipalSID":"S-1-5-21-1470860369-1569627196-4264678630-519","PrincipalType":"Group","RightName":"GenericAll","IsInherited":true},{"PrincipalSID":"STREAMIO.HTB-S-1-5-32-544","PrincipalType":"Group","RightName":"WriteDacl","IsInherited":true},{"PrincipalSID":"STREAMIO.HTB-S-1-5-32-544","PrincipalType":"Group","RightName":"WriteOwner","IsInherited":true},{"PrincipalSID":"STREAMIO.HTB-S-1-5-32-544","PrincipalType":"Group","RightName":"GenericWrite","IsInherited":true}],"ObjectIdentifier":"STREAMIO.HTB-S-1-5-32-561","IsDeleted":false,"IsACLProtected":false,"Properties":{"domain":"STREAMIO.HTB","name":"TERMINAL SERVER LICENSE SERVERS@STREAMIO.HTB","distinguishedname":"CN=TERMINAL SERVER LICENSE SERVERS,CN=BUILTIN,DC=STREAMIO,DC=HTB","domainsid":"S-1-5-21-1470860369-1569627196-4264678630","highvalue":false,"description":"Members of this group can update user accounts in Active Directory with information about license issuance, for the purpose of tracking and reporting TS Per User CAL usage","whencreated":1645494313,"admincount":false}},{"Members":[],"Aces":[{"PrincipalSID":"STREAMIO.HTB-S-1-5-32-544","PrincipalType":"Group","RightName":"Owns","IsInherited":false},{"PrincipalSID":"STREAMIO.HTB-S-1-5-32-548","PrincipalType":"Group","RightName":"GenericAll","IsInherited":false},{"PrincipalSID":"S-1-5-21-1470860369-1569627196-4264678630-512","PrincipalType":"Group","RightName":"GenericAll","IsInherited":false},{"PrincipalSID":"S-1-5-21-1470860369-1569627196-4264678630-519","PrincipalType":"Group","RightName":"GenericAll","IsInherited":true},{"PrincipalSID":"STREAMIO.HTB-S-1-5-32-544","PrincipalType":"Group","RightName":"WriteDacl","IsInherited":true},{"PrincipalSID":"STREAMIO.HTB-S-1-5-32-544","PrincipalType":"Group","RightName":"WriteOwner","IsInherited":true},{"PrincipalSID":"STREAMIO.HTB-S-1-5-32-544","PrincipalType":"Group","RightName":"GenericWrite","IsInherited":true}],"ObjectIdentifier":"STREAMIO.HTB-S-1-5-32-562","IsDeleted":false,"IsACLProtected":false,"Properties":{"domain":"STREAMIO.HTB","name":"DISTRIBUTED COM USERS@STREAMIO.HTB","distinguishedname":"CN=DISTRIBUTED COM USERS,CN=BUILTIN,DC=STREAMIO,DC=HTB","domainsid":"S-1-5-21-1470860369-1569627196-4264678630","highvalue":false,"description":"Members are allowed to launch, activate and use Distributed COM objects on this machine.","whencreated":1645494260,"admincount":false}},{"Members":[{"ObjectIdentifier":"S-1-5-21-1470860369-1569627196-4264678630-513","ObjectType":"Group"},{"ObjectIdentifier":"STREAMIO.HTB-S-1-5-11","ObjectType":"Group"},{"ObjectIdentifier":"STREAMIO.HTB-S-1-5-4","ObjectType":"Group"}],"Aces":[{"PrincipalSID":"STREAMIO.HTB-S-1-5-32-544","PrincipalType":"Group","RightName":"Owns","IsInherited":false},{"PrincipalSID":"STREAMIO.HTB-S-1-5-32-548","PrincipalType":"Group","RightName":"GenericAll","IsInherited":false},{"PrincipalSID":"S-1-5-21-1470860369-1569627196-4264678630-512","PrincipalType":"Group","RightName":"GenericAll","IsInherited":false},{"PrincipalSID":"S-1-5-21-1470860369-1569627196-4264678630-519","PrincipalType":"Group","RightName":"GenericAll","IsInherited":true},{"PrincipalSID":"STREAMIO.HTB-S-1-5-32-544","PrincipalType":"Group","RightName":"WriteDacl","IsInherited":true},{"PrincipalSID":"STREAMIO.HTB-S-1-5-32-544","PrincipalType":"Group","RightName":"WriteOwner","IsInherited":true},{"PrincipalSID":"STREAMIO.HTB-S-1-5-32-544","PrincipalType":"Group","RightName":"GenericWrite","IsInherited":true}],"ObjectIdentifier":"STREAMIO.HTB-S-1-5-32-545","IsDeleted":false,"IsACLProtected":false,"Properties":{"domain":"STREAMIO.HTB","name":"USERS@STREAMIO.HTB","distinguishedname":"CN=USERS,CN=BUILTIN,DC=STREAMIO,DC=HTB","domainsid":"S-1-5-21-1470860369-1569627196-4264678630","highvalue":false,"description":"Users are prevented from making accidental or intentional system-wide changes and can run most applications","whencreated":1645494260,"admincount":false}},{"Members":[],"Aces":[{"PrincipalSID":"S-1-5-21-1470860369-1569627196-4264678630-512","PrincipalType":"Group","RightName":"Owns","IsInherited":false},{"PrincipalSID":"STREAMIO.HTB-S-1-5-32-548","PrincipalType":"Group","RightName":"GenericAll","IsInherited":false},{"PrincipalSID":"S-1-5-21-1470860369-1569627196-4264678630-512","PrincipalType":"Group","RightName":"GenericAll","IsInherited":false},{"PrincipalSID":"S-1-5-21-1470860369-1569627196-4264678630-519","PrincipalType":"Group","RightName":"GenericAll","IsInherited":true},{"PrincipalSID":"STREAMIO.HTB-S-1-5-32-544","PrincipalType":"Group","RightName":"WriteDacl","IsInherited":true},{"PrincipalSID":"STREAMIO.HTB-S-1-5-32-544","PrincipalType":"Group","RightName":"WriteOwner","IsInherited":true},{"PrincipalSID":"STREAMIO.HTB-S-1-5-32-544","PrincipalType":"Group","RightName":"GenericWrite","IsInherited":true}],"ObjectIdentifier":"S-1-5-21-1470860369-1569627196-4264678630-513","IsDeleted":false,"IsACLProtected":false,"Properties":{"domain":"STREAMIO.HTB","name":"DOMAIN USERS@STREAMIO.HTB","distinguishedname":"CN=DOMAIN USERS,CN=USERS,DC=STREAMIO,DC=HTB","domainsid":"S-1-5-21-1470860369-1569627196-4264678630","highvalue":false,"description":"All domain users","whencreated":1645494313,"admincount":false}},{"Members":[],"Aces":[],"ObjectIdentifier":"STREAMIO.HTB-S-1-5-32-554","IsDeleted":false,"IsACLProtected":false,"Properties":{"name":"PRE-WINDOWS 2000 COMPATIBLE ACCESS@STREAMIO.HTB","domainsid":"S-1-5-21-1470860369-1569627196-4264678630","domain":"STREAMIO.HTB"}},{"Members":[],"Aces":[],"ObjectIdentifier":"STREAMIO.HTB-S-1-5-32-557","IsDeleted":false,"IsACLProtected":false,"Properties":{"name":"INCOMING FOREST TRUST BUILDERS@STREAMIO.HTB","domainsid":"S-1-5-21-1470860369-1569627196-4264678630","domain":"STREAMIO.HTB"}},{"Members":[],"Aces":[],"ObjectIdentifier":"STREAMIO.HTB-S-1-5-32-561","IsDeleted":false,"IsACLProtected":false,"Properties":{"name":"TERMINAL SERVER LICENSE SERVERS@STREAMIO.HTB","domainsid":"S-1-5-21-1470860369-1569627196-4264678630","domain":"STREAMIO.HTB"}},{"Members":[],"Aces":[],"ObjectIdentifier":"STREAMIO.HTB-S-1-5-32-560","IsDeleted":false,"IsACLProtected":false,"Properties":{"name":"WINDOWS AUTHORIZATION ACCESS GROUP@STREAMIO.HTB","domainsid":"S-1-5-21-1470860369-1569627196-4264678630","domain":"STREAMIO.HTB"}},{"Members":[],"Aces":[],"ObjectIdentifier":"STREAMIO.HTB-S-1-5-4","IsDeleted":false,"IsACLProtected":false,"Properties":{"name":"INTERACTIVE@STREAMIO.HTB","domainsid":"S-1-5-21-1470860369-1569627196-4264678630","domain":"STREAMIO.HTB"}},{"Members":[],"Aces":[],"ObjectIdentifier":"STREAMIO.HTB-S-1-5-11","IsDeleted":false,"IsACLProtected":false,"Properties":{"name":"AUTHENTICATED USERS@STREAMIO.HTB","domainsid":"S-1-5-21-1470860369-1569627196-4264678630","domain":"STREAMIO.HTB"}},{"Members":[],"Aces":[],"ObjectIdentifier":"STREAMIO.HTB-S-1-5-9","IsDeleted":false,"IsACLProtected":false,"Properties":{"name":"ENTERPRISE DOMAIN CONTROLLERS@STREAMIO.HTB","domainsid":"S-1-5-21-1470860369-1569627196-4264678630","domain":"STREAMIO.HTB"}},{"Members":[],"Aces":[],"ObjectIdentifier":"STREAMIO.HTB-S-1-1-0","IsDeleted":false,"IsACLProtected":false,"Properties":{"name":"EVERYONE@STREAMIO.HTB","domainsid":"S-1-5-21-1470860369-1569627196-4264678630","domain":"STREAMIO.HTB"}},{"Members":[],"Aces":[],"ObjectIdentifier":"STREAMIO.HTB-S-1-5-32-544","IsDeleted":false,"IsACLProtected":false,"Properties":{"name":"ADMINISTRATORS@STREAMIO.HTB","domainsid":"S-1-5-21-1470860369-1569627196-4264678630","domain":"STREAMIO.HTB"}},{"Members":[],"Aces":[],"ObjectIdentifier":"STREAMIO.HTB-S-1-5-32-550","IsDeleted":false,"IsACLProtected":false,"Properties":{"name":"PRINT OPERATORS@STREAMIO.HTB","domainsid":"S-1-5-21-1470860369-1569627196-4264678630","domain":"STREAMIO.HTB"}},{"Members":[],"Aces":[],"ObjectIdentifier":"STREAMIO.HTB-S-1-5-32-548","IsDeleted":false,"IsACLProtected":false,"Properties":{"name":"ACCOUNT OPERATORS@STREAMIO.HTB","domainsid":"S-1-5-21-1470860369-1569627196-4264678630","domain":"STREAMIO.HTB"}},{"Members":[{"ObjectIdentifier":"S-1-5-21-1470860369-1569627196-4264678630-1000","ObjectType":"Computer"}],"Aces":[],"ObjectIdentifier":"STREAMIO.HTB-S-1-5-9","IsDeleted":false,"IsACLProtected":false,"Properties":{"name":"ENTERPRISE DOMAIN CONTROLLERS@STREAMIO.HTB","domainsid":"S-1-5-21-1470860369-1569627196-4264678630","domain":"streamIO.htb"}}],"meta":{"methods":29675,"type":"groups","count":62,"version":4}}